"TaxID"	"profile.n.150.size.7.5.k.100.sigma.1.0.up.0.75.mut_rate.0.0_sample_0"	"profile.n.150.size.7.5.k.100.sigma.1.0.up.0.75.mut_rate.0.0_sample_1"	"profile.n.150.size.7.5.k.100.sigma.1.0.up.0.75.mut_rate.0.0_sample_2"	"profile.n.150.size.7.5.k.100.sigma.1.0.up.0.75.mut_rate.0.0_sample_3"	"profile.n.150.size.7.5.k.100.sigma.1.0.up.0.75.mut_rate.0.0_sample_4"	"profile.n.300.size.0.05.k.100.sigma.1.0.up.0.75.mut_rate.0.0_sample_0"	"profile.n.300.size.0.05.k.100.sigma.1.0.up.0.75.mut_rate.0.0_sample_1"	"profile.n.300.size.0.05.k.100.sigma.1.0.up.0.75.mut_rate.0.0_sample_2"	"profile.n.300.size.0.05.k.100.sigma.1.0.up.0.75.mut_rate.0.0_sample_3"	"profile.n.300.size.0.05.k.100.sigma.1.0.up.0.75.mut_rate.0.0_sample_4"	"profile.n.300.size.0.5.k.100.sigma.1.0.up.0.75.mut_rate.0.0_sample_0"	"profile.n.300.size.0.5.k.100.sigma.1.0.up.0.75.mut_rate.0.0_sample_1"	"profile.n.300.size.0.5.k.100.sigma.1.0.up.0.75.mut_rate.0.0_sample_2"	"profile.n.300.size.0.5.k.100.sigma.1.0.up.0.75.mut_rate.0.0_sample_3"	"profile.n.300.size.0.5.k.100.sigma.1.0.up.0.75.mut_rate.0.0_sample_4"	"profile.n.300.size.1.5.k.100.sigma.1.0.up.0.75.mut_rate.0.0_sample_0"	"profile.n.300.size.1.5.k.100.sigma.1.0.up.0.75.mut_rate.0.0_sample_1"	"profile.n.300.size.1.5.k.100.sigma.1.0.up.0.75.mut_rate.0.0_sample_2"	"profile.n.300.size.1.5.k.100.sigma.1.0.up.0.75.mut_rate.0.0_sample_3"	"profile.n.300.size.1.5.k.100.sigma.1.0.up.0.75.mut_rate.0.0_sample_4"	"profile.n.300.size.30.0.k.100.sigma.1.0.up.0.75.mut_rate.0.0_sample_0"	"profile.n.300.size.30.0.k.100.sigma.1.0.up.0.75.mut_rate.0.0_sample_1"	"profile.n.300.size.30.0.k.100.sigma.1.0.up.0.75.mut_rate.0.0_sample_2"	"profile.n.300.size.30.0.k.100.sigma.1.0.up.0.75.mut_rate.0.0_sample_3"	"profile.n.300.size.30.0.k.100.sigma.1.0.up.0.75.mut_rate.0.0_sample_4"	"profile.n.300.size.7.5.k.100.sigma.0.5.up.0.75.mut_rate.0.0_sample_0"	"profile.n.300.size.7.5.k.100.sigma.0.5.up.0.75.mut_rate.0.0_sample_1"	"profile.n.300.size.7.5.k.100.sigma.0.5.up.0.75.mut_rate.0.0_sample_2"	"profile.n.300.size.7.5.k.100.sigma.0.5.up.0.75.mut_rate.0.0_sample_3"	"profile.n.300.size.7.5.k.100.sigma.0.5.up.0.75.mut_rate.0.0_sample_4"	"profile.n.300.size.7.5.k.100.sigma.1.0.up.0.0.mut_rate.0.0_sample_0"	"profile.n.300.size.7.5.k.100.sigma.1.0.up.0.0.mut_rate.0.0_sample_1"	"profile.n.300.size.7.5.k.100.sigma.1.0.up.0.0.mut_rate.0.0_sample_2"	"profile.n.300.size.7.5.k.100.sigma.1.0.up.0.0.mut_rate.0.0_sample_3"	"profile.n.300.size.7.5.k.100.sigma.1.0.up.0.0.mut_rate.0.0_sample_4"	"profile.n.300.size.7.5.k.100.sigma.1.0.up.0.25.mut_rate.0.0_sample_0"	"profile.n.300.size.7.5.k.100.sigma.1.0.up.0.25.mut_rate.0.0_sample_1"	"profile.n.300.size.7.5.k.100.sigma.1.0.up.0.25.mut_rate.0.0_sample_2"	"profile.n.300.size.7.5.k.100.sigma.1.0.up.0.25.mut_rate.0.0_sample_3"	"profile.n.300.size.7.5.k.100.sigma.1.0.up.0.25.mut_rate.0.0_sample_4"	"profile.n.300.size.7.5.k.100.sigma.1.0.up.0.5.mut_rate.0.0_sample_0"	"profile.n.300.size.7.5.k.100.sigma.1.0.up.0.5.mut_rate.0.0_sample_1"	"profile.n.300.size.7.5.k.100.sigma.1.0.up.0.5.mut_rate.0.0_sample_2"	"profile.n.300.size.7.5.k.100.sigma.1.0.up.0.5.mut_rate.0.0_sample_3"	"profile.n.300.size.7.5.k.100.sigma.1.0.up.0.5.mut_rate.0.0_sample_4"	"profile.n.300.size.7.5.k.100.sigma.1.0.up.0.75.mut_rate.0.0_sample_0"	"profile.n.300.size.7.5.k.100.sigma.1.0.up.0.75.mut_rate.0.0_sample_1"	"profile.n.300.size.7.5.k.100.sigma.1.0.up.0.75.mut_rate.0.0_sample_2"	"profile.n.300.size.7.5.k.100.sigma.1.0.up.0.75.mut_rate.0.0_sample_3"	"profile.n.300.size.7.5.k.100.sigma.1.0.up.0.75.mut_rate.0.0_sample_4"	"profile.n.300.size.7.5.k.100.sigma.1.0.up.0.75.mut_rate.0.01_sample_0"	"profile.n.300.size.7.5.k.100.sigma.1.0.up.0.75.mut_rate.0.01_sample_1"	"profile.n.300.size.7.5.k.100.sigma.1.0.up.0.75.mut_rate.0.01_sample_2"	"profile.n.300.size.7.5.k.100.sigma.1.0.up.0.75.mut_rate.0.01_sample_3"	"profile.n.300.size.7.5.k.100.sigma.1.0.up.0.75.mut_rate.0.01_sample_4"	"profile.n.300.size.7.5.k.100.sigma.1.0.up.0.75.mut_rate.0.02_sample_0"	"profile.n.300.size.7.5.k.100.sigma.1.0.up.0.75.mut_rate.0.02_sample_1"	"profile.n.300.size.7.5.k.100.sigma.1.0.up.0.75.mut_rate.0.02_sample_2"	"profile.n.300.size.7.5.k.100.sigma.1.0.up.0.75.mut_rate.0.02_sample_3"	"profile.n.300.size.7.5.k.100.sigma.1.0.up.0.75.mut_rate.0.02_sample_4"	"profile.n.300.size.7.5.k.100.sigma.1.0.up.0.75.mut_rate.0.05_sample_0"	"profile.n.300.size.7.5.k.100.sigma.1.0.up.0.75.mut_rate.0.05_sample_1"	"profile.n.300.size.7.5.k.100.sigma.1.0.up.0.75.mut_rate.0.05_sample_2"	"profile.n.300.size.7.5.k.100.sigma.1.0.up.0.75.mut_rate.0.05_sample_3"	"profile.n.300.size.7.5.k.100.sigma.1.0.up.0.75.mut_rate.0.05_sample_4"	"profile.n.300.size.7.5.k.100.sigma.1.0.up.1.0.mut_rate.0.0_sample_0"	"profile.n.300.size.7.5.k.100.sigma.1.0.up.1.0.mut_rate.0.0_sample_1"	"profile.n.300.size.7.5.k.100.sigma.1.0.up.1.0.mut_rate.0.0_sample_2"	"profile.n.300.size.7.5.k.100.sigma.1.0.up.1.0.mut_rate.0.0_sample_3"	"profile.n.300.size.7.5.k.100.sigma.1.0.up.1.0.mut_rate.0.0_sample_4"	"profile.n.300.size.7.5.k.100.sigma.2.0.up.0.75.mut_rate.0.0_sample_0"	"profile.n.300.size.7.5.k.100.sigma.2.0.up.0.75.mut_rate.0.0_sample_1"	"profile.n.300.size.7.5.k.100.sigma.2.0.up.0.75.mut_rate.0.0_sample_2"	"profile.n.300.size.7.5.k.100.sigma.2.0.up.0.75.mut_rate.0.0_sample_3"	"profile.n.300.size.7.5.k.100.sigma.2.0.up.0.75.mut_rate.0.0_sample_4"	"profile.n.300.size.7.5.k.100.sigma.4.0.up.0.75.mut_rate.0.0_sample_0"	"profile.n.300.size.7.5.k.100.sigma.4.0.up.0.75.mut_rate.0.0_sample_1"	"profile.n.300.size.7.5.k.100.sigma.4.0.up.0.75.mut_rate.0.0_sample_2"	"profile.n.300.size.7.5.k.100.sigma.4.0.up.0.75.mut_rate.0.0_sample_3"	"profile.n.300.size.7.5.k.100.sigma.4.0.up.0.75.mut_rate.0.0_sample_4"	"profile.n.300.size.7.5.k.250.sigma.1.0.up.0.75.mut_rate.0.0_sample_0"	"profile.n.300.size.7.5.k.250.sigma.1.0.up.0.75.mut_rate.0.0_sample_1"	"profile.n.300.size.7.5.k.250.sigma.1.0.up.0.75.mut_rate.0.0_sample_2"	"profile.n.300.size.7.5.k.250.sigma.1.0.up.0.75.mut_rate.0.0_sample_3"	"profile.n.300.size.7.5.k.250.sigma.1.0.up.0.75.mut_rate.0.0_sample_4"	"profile.n.300.size.7.5.k.40.sigma.1.0.up.0.75.mut_rate.0.0_sample_0"	"profile.n.300.size.7.5.k.40.sigma.1.0.up.0.75.mut_rate.0.0_sample_1"	"profile.n.300.size.7.5.k.40.sigma.1.0.up.0.75.mut_rate.0.0_sample_2"	"profile.n.300.size.7.5.k.40.sigma.1.0.up.0.75.mut_rate.0.0_sample_3"	"profile.n.300.size.7.5.k.40.sigma.1.0.up.0.75.mut_rate.0.0_sample_4"	"profile.n.600.size.7.5.k.100.sigma.1.0.up.0.75.mut_rate.0.0_sample_0"	"profile.n.600.size.7.5.k.100.sigma.1.0.up.0.75.mut_rate.0.0_sample_1"	"profile.n.600.size.7.5.k.100.sigma.1.0.up.0.75.mut_rate.0.0_sample_2"	"profile.n.600.size.7.5.k.100.sigma.1.0.up.0.75.mut_rate.0.0_sample_3"	"profile.n.600.size.7.5.k.100.sigma.1.0.up.0.75.mut_rate.0.0_sample_4"	"profile.n.75.size.7.5.k.100.sigma.1.0.up.0.75.mut_rate.0.0_sample_0"	"profile.n.75.size.7.5.k.100.sigma.1.0.up.0.75.mut_rate.0.0_sample_1"	"profile.n.75.size.7.5.k.100.sigma.1.0.up.0.75.mut_rate.0.0_sample_2"	"profile.n.75.size.7.5.k.100.sigma.1.0.up.0.75.mut_rate.0.0_sample_3"	"profile.n.75.size.7.5.k.100.sigma.1.0.up.0.75.mut_rate.0.0_sample_4"
"37"	"2887326"	1.2211	0.2962	0.6484	0.6293	0.6123	0.4808	0.5343	0.5829	0.5219	0.6208	0.5461	0.4435	0.682	0.9687	0.5936	0.7026	0.5516	0.5076	0.512	0.8381	0.9033	0.6507	0.5735	0.6428	0.6293	0.613	0.4598	0.4741	0.4126	0.4236	2.0009	2.0581	2.1427	2.2342	2.3717	1.6095	1.8328	1.7699	1.4728	1.6666	1.308	0.8996	1.2336	1.1222	1.1002	0.6483	0.6959	0.5438	0.6955	0.5016	0.5527	0.6076	0.5757	0.461	0.5209	0.6649	0.5451	0.6766	0.6854	0.4692	0.5087	0.7278	0.3814	0.5363	0.424	0	0	0	0	0	0.0698	0.2636	0.2976	0.3396	0.3444	0.0162	0.0784	0.0657	0.0328	0.0493	0.289	0.4512	0.6595	0.5498	0.5771	0.6303	0.4154	0.7404	0.4552	0.4416	0.6243	0.6256	0.6489	0.603	0.6295	0.6381	0.512	0.5263	0.8515	0.7151
"38"	"415000"	1.8885	1.1769	6.1697	0.0318	0.186	0.275	0.9101	1.0979	0.7514	0.2171	0.2857	0.5413	0.4463	1.4688	0.6249	0.5186	0.3579	0.6905	0.4143	0.9962	0.415	0.648	0.4502	0.3074	0.0827	0.3998	0.6282	0.6648	0.711	0.5381	0	0	0	0	0	0.3595	0.6938	0.3395	0.2213	0.8965	2.2115	0.5315	0.0943	0.2705	0.2484	1.0895	0.2296	0.749	0.3454	0.6478	1.0777	0.1037	1.9424	0.5618	1.8552	0.4741	0.5126	2.728	0.4472	0.9392	1.1828	0.7805	0.2868	1.5159	1.2227	1.2615	1.1162	0.6499	0.6444	1.7979	0.1154	0.2766	0.0421	2.1889	1.7253	0.0126	7e-04	0.0039	0.0629	9e-04	1.1629	1.1669	1.1053	1.6603	0.9467	1.3689	5.3113	0.9576	2.4235	1.3508	1.2561	0.7442	1.4351	1.1635	2.3486	0.3107	1.5387	0.4928	0.3083	0.5775
"39"	"204457"	0.2811	0.3339	0.0748	0.8162	0.2972	0	0	0.3364	0	0.0351	0	0	0.0937	0	0	0.3171	0.39	0.1959	0.2212	0	0	0	0	0	0	0	0	0.3079	0.5652	0	0.3145	0.3779	0.3394	0.4161	0.3688	0.2266	0.2177	0.2487	0.2886	0.2384	0.1415	0.1365	0.1347	0.1525	0.1266	0	0	0	0.0831	0	0	0.3262	0	0.5093	0	0	0	0	0	0	0	0	0.0288	0.2801	0	0.3059	0.869	1.4467	2.2812	1.0301	0	0	0	0.2369	0	0	0	0	0	0	0.073	0.0334	0.083	0.1332	0.101	0	0	0	0	0	0.2605	0.3149	0.1117	0.062	0.1472	0.7261	3.1911	0.5404	0.9512	0.2888
"40"	"200644"	11.3702	11.8925	12.1481	18.5169	21.331	17.7742	15.3946	12.2618	16.3263	16.3527	11.7821	13.5788	12.6724	16.6205	15.8921	16.68	18.5114	13.8588	13.9935	13.9357	16.8162	16.5145	14.5347	17.0648	20.7805	18.0484	16.3966	18.9163	16.0728	17.3844	33.9378	36.6155	34.1638	35.8672	35.4377	28.3358	26.1136	30.0282	30.4728	28.9336	27.8578	24.8888	24.3536	21.295	26.1506	20.4202	16.3052	13.9304	13.7231	14.9843	17.8802	16.9946	21.1587	17.8013	14.4738	19.5451	15.7434	18.2676	18.5798	16.879	16.5289	16.2731	12.972	14.1943	16.4284	9.6101	9.5604	9.219	14.5999	9.1659	4.0933	9.4506	9.8115	12.6791	5.9551	12.5079	1.939	69.7381	23.262	0.0622	19.3312	23.7377	18.9291	16.1161	15.6422	17.1981	17.4269	17.7015	20.8485	17.0223	20.5254	22.1951	17.5104	19.7345	21.1845	19.5243	16.162	23.8749	16.3999	14.3784
"41"	"135622"	8.5098	3.1523	1.603	4.1648	1.5687	1.5348	1.8096	2.1527	1.4001	2.3448	1.27	1.4481	2.2758	1.2795	1.4264	1.7655	2.0454	1.971	2.1408	1.4172	1.4532	1.1538	1.4205	1.1842	1.5382	2.3394	2.1625	2.8111	2.376	1.9996	6.3558	6.7256	6.0552	6.5756	6.5555	4.6212	4.741	5.1498	4.6233	4.9254	3.6171	3.3097	3.09	3.3838	3.2946	1.6363	1.5812	1.4022	6.6848	1.3732	1.5117	1.6269	1.3452	1.4369	1.2369	1.6312	2.4283	1.2769	3.3775	1.3119	1.5062	2.7487	1.9262	2.0118	1.2847	1.201	2.3878	1.0089	1.4873	1.0083	0.0993	1.0398	0.5114	0.9046	0.4056	0.0139	0.0204	0.0226	0.0263	0.0027	2.9917	2.1835	3.2162	4.0357	4.158	1.5455	1.4011	1.503	1.4184	1.1881	2.1981	2.0321	2.1012	2.3539	2.278	1.0052	2.1962	1.7528	1.1924	2.9219
"42"	"48461"	2.1342	6.3834	1.7605	4.0286	1.6318	1.359	0.6066	0.0157	0.9054	0.3688	1.7944	0.7509	0.4449	0.6448	1.2314	0.2292	0.083	0.8134	1.2842	0.269	0.3909	0.2585	0.7661	0.5826	0.8605	0.8128	0.8234	0.7709	0.6278	0.8291	0	0	0	0	0	0	0	0	0	0	0	0	0	0	0	0.302	0.3631	0.3384	0.1627	1.2383	0.2853	0.1382	1.0034	0.1684	2.7706	0.9163	1.1821	0.748	0.3862	0.4745	0.595	0.6068	0.2887	0.2905	0.8971	1.9684	1.1428	1.7893	1.1104	0.8237	0.1421	0.9408	1.6177	0.6233	0.7189	0.0697	20.5049	2e-04	0.2174	2e-04	0.4925	0.4964	0.8705	0.6311	1.0135	0	0	0	0	0	0.5159	1.0497	0.672	1.3692	1.1469	0	0	0	0	0
"43"	"72274"	4.2177	6.683	3.614	4.2963	8.0063	2.6149	6.1406	2.0134	5.7031	5.6339	5.3897	4.9688	3.9271	3.8731	6.1758	2.417	4.1978	2.7232	2.8141	3.0484	4.3701	5.3896	5.749	4.6212	4.5236	5.5237	4.4875	3.9829	3.4229	5.3891	1.7173	1.6099	1.5867	1.658	1.4709	1.1758	1.3428	1.2632	1.3011	1.2578	1.0231	0.9019	2.2819	1.7812	0.9294	2.702	3.2221	3.2648	3.0376	6.0023	3.7319	3.6612	6.2173	2.6546	3.1044	4.1673	3.4985	3.735	5.4357	4.3113	3.7716	3.0149	2.3751	2.6821	4.7749	5.3905	7.439	6.8754	5.7249	7.105	2.9874	1.0723	6.4139	1.4493	7.1946	6.5372	0.0068	0.1565	0.1056	0.0496	4.8658	2.8044	5.1831	8.1355	3.99	1.413	0.8127	1.0899	1.8241	0.9545	4.0644	4.4555	3.6661	3.9427	4.9669	24.3044	6.9171	15.091	11.4543	14.4361
"44"	"204455"	8.2588	4.97	2.8211	3.4996	4.2863	2.9971	3.3152	2.7554	2.3513	3.3967	3.6451	2.1924	5.535	2.2385	2.475	5.0532	4.103	2.8487	3.1786	2.5285	2.8725	2.4843	2.1202	2.3402	2.7049	3.0777	2.7188	3.5188	4.0817	3.3643	3.7787	4.1329	3.5807	3.906	4.1712	2.7131	3.5017	2.696	3.0794	3.0941	3.4434	3.9179	3.1387	2.8662	3.4209	2.1375	4.6956	5.705	3.6378	3.3165	2.0399	4.0087	3.8401	4.2011	3.3745	3.0205	2.8385	4.1903	3.7525	2.0178	5.7905	2.8745	5.0543	4.1977	1.5454	2.0674	5.5776	2.573	3.1152	2.7539	3.2821	2.4282	1.7938	1.8732	1.4258	0.1533	46.6388	0.8214	0.3382	0.9282	3.8789	3.7428	4.311	5.7605	5.3946	2.4538	3.3688	5.2594	3.8487	2.4907	4.2039	4.3529	4.6671	4.2355	4.3373	1.7097	1.8224	2.4853	4.5107	2.5983
"45"	"186802"	3.6987	3.0171	2.7268	0.9411	0.6287	2.9766	1.4257	0.8507	2.3281	2.0028	2.3362	3.0288	0.4519	4.9707	1.4964	1.2319	0.3734	0.8012	0.5668	0.4751	3.3315	2.6587	1.4908	0.9448	3.2246	1.6904	2.6288	1.3237	1.411	2.6582	0.5434	0.6225	0.6469	0.606	0.6198	0.3451	0.2887	0.2858	0.3279	0.2377	0.0641	0.0566	0.0377	0.0595	0.0544	2.8285	2.7459	1.5724	0.5211	2.5166	2.0858	1.2312	3.3897	0.6405	1.4233	1.7194	4.912	1.019	3.0656	2.752	1.7022	2.2559	0.905	0.5845	1.7565	7.7642	6.0463	2.7714	4.338	4.7389	0.2647	20.4492	1.2587	0.1197	4.185	0.0316	2e-04	1e-04	1.2489	0.041	2.8906	3.3061	1.8498	2.3259	1.7137	0	0	0	0	0	0.5411	1.0507	0.8472	0.4403	0.2268	0	0	0	0	0
"46"	"768507"	1.4507	1.2424	3.1321	2.9159	0.7745	0.9448	0.647	0.186	0.3957	0.1705	0.2665	0.3769	0	1.3974	1.7581	0.6832	0.7124	0.2406	0.1996	0.2633	0.9625	0.8354	3.8085	1.1134	0.5136	0.7867	0.7466	0.1099	0	1.5	0.1276	0.1813	0.1479	0.1258	0.1008	0.0489	0.0241	0.0188	0.0322	0	0	0	0	0	0	0.6857	0.7696	0.4049	0.8379	0.7637	1.5071	0.072	0.8787	0.1122	0.3099	0.3912	0.2525	0.4252	0.6429	0.8417	0.8899	1.3874	0.7585	0.0724	1.0908	0.8401	0.708	0.2886	0.9254	0.6397	0.2346	0.2662	0.0199	0.9835	0.8946	5.3072	1.0949	1e-04	0.9254	3e-04	2.7303	0.7579	1.6356	0.7083	1.3559	0.8309	1.4446	0.2076	0.8328	1.1704	0.8835	0.2705	0.5741	0.7493	0.8043	0	0	0	0	0
"47"	"1936988"	0.5529	0	0	0	0.3854	0	0	0	0	0	0	0	0	0	0	0	0	0	0	0	0	0	0	0	0	0	0	0	0	0	0.1849	0.2639	0.2309	0.2229	0.2138	0.1428	0.1301	0.1716	0.1779	0.1217	0.0529	0.0251	0.0389	0.052	0.0311	0	0	0	0	0	0	0	0	0	0	0	0	0	0	0	0	0	0	0	0	0.0713	0.2837	0.3613	0.5149	0.2395	0	0	0	0	0	0	0	0	0	0	0.5061	0	0.1894	0	0	0	0	0	0	0	0	0	0.0089	0.0319	0.0172	0	0	0	0	0
"48"	"218872"	1.1888	0.545	0.0314	0.5963	0.6541	0	0	0	0	0	0	0	0	0	0	0	0	0	0	0	0	0	0	0	0	0	0	0	0	0	0	0	0	0	0	0	0	0	0	0	0	0	0	0	0	0	0	0	0	0	0	0	0	0	0	0	0	0	0	0	0	0	0	0	0	0	0	0	0	0	0	0	0	0	0	0	0	0	0	0	0.3844	0	0.1062	0	0	0	0	0	0	0	0	0	0	0	0	0	0	0	0	0
"49"	"84993"	4.3017	4.3301	1.5681	1.5666	2.3889	0.181	0.1803	0.7587	0.371	0.5468	0.1444	0.2712	1.2412	0.3356	0.1486	0.7783	1.2961	1.7942	2.2953	0.7955	0.2447	0.2301	0.0912	0.3349	0.3976	0.2932	0.6831	1.5639	1.7565	0.1582	0.0524	0.083	0.0594	0.0414	0.0456	0	0	0	0	0	0.0988	0.1435	0.308	0.4519	0.0535	0.1282	0.0347	0.5233	3.3388	0.28	0.0818	2.8179	0.3533	2.2842	0.4053	1.616	0.2581	0.12	1.0188	0.1401	0.4926	0.2303	2.5914	0.8982	0.0338	0.3657	1.2711	2.6161	2.3389	0.5274	0.1282	0.0114	1.0282	0.933	0.7333	6e-04	7e-04	0.173	1e-04	2e-04	3.4513	2.7325	2.1479	2.317	2.8228	1.4759	1.6321	2.0198	2.0836	2.6306	5.0834	2.0015	3.2208	2.8305	3.2108	0.1487	0.61	0.8089	0.6336	0.3128
"50"	"1706369"	4.6273	3.1258	7.5395	3.9628	4.9005	5.1847	2.9136	5.5771	3.1953	2.6873	4.1438	3.7243	2.6548	7.2581	2.5803	3.4811	4.5694	5.3374	5.2842	4.2667	1.9128	4.7336	3.4925	5.5928	2.6443	3.3476	4.1654	3.6293	3.6386	4.1618	1.2049	1.5003	1.3131	1.3377	1.4888	3.1722	1.0743	1.5915	1.4283	1.4397	2.5888	2.8283	2.8442	5.662	5.155	3.4122	3.7691	7.5006	2.0656	4.1113	4.2711	3.0237	2.2172	5.0477	3.3175	3.4415	3.2451	3.293	1.9393	3.0998	3.8802	5.7853	3.7505	1.6506	6.3804	7.4093	5.0819	8.0186	4.636	6.5881	2.8464	0.5545	3.6675	8.0214	1.2797	0.5315	0.0179	0.6668	1.3505	0.0306	2.7373	8.9694	6.8129	5.4872	6.9585	1.5572	3.8677	4.7201	3.2876	5.3963	2.8456	2.8085	5.7241	5.7963	4.6421	2.6188	6.8281	1.0623	9.4762	1.5516
"51"	"135613"	0.7796	0.2596	0.7942	0.9555	0.0391	1.1888	1.3325	0.6271	1.2322	0.95	1.0749	1.0758	0.5351	0.833	0.8775	0.5187	0.3956	0.3893	0.8839	0.405	1.6693	1.4425	1.7769	4.7252	0.8238	1.0621	1.5452	1.2385	1.2863	1.5989	0	0	0	0	0	0.1304	0.7636	0.3088	0.2518	0.1873	0.7792	1.8949	0.2566	0.3241	1.3463	1.8343	0.5252	1.7677	1.278	2.5152	1.2019	0.2968	1.21	1.1606	1.7225	0.7485	1.1215	1.2383	1.7579	7.1061	1.3437	1.3734	1.9897	3.8984	1.3021	1.5794	0.9393	1.1949	0.7992	1.4551	1.6798	2.5112	5.6493	0.1621	0.8028	0.808	0.2808	0.0024	0.1244	0.7035	0.4034	2.4575	1.3863	0.6592	0.8423	0.5459	0.7069	1.8151	1.0733	2.9869	1.073	0.9467	1.2192	2.0174	0.9245	0.483	1.0817	0.6226	0.5995	0.4841
"52"	"356"	0.3321	0.0806	1.5074	1.3123	0.3556	0	0	0	0	0	0	0	0	0	0	0	0	0	0	0	0	0	0	0	0	0	0	0	0	0	0.0447	0.0469	0.0381	0.0549	0.0855	0	0	0	0	0	0	0	0	0	0	0	0	0	0	0	0	0	0	0	0	0	0	0	0	0	0	0	0	0	0	0.3527	0.1438	0.2611	0.2431	0.7349	0	0	0	0	0	0	0	0	0	0	0	0.0683	0	0.3721	0.0663	0.8861	0.6438	0.2688	0.2158	0.5026	0.3175	0.3494	0.2714	0.306	0.4835	0	0	0	0	0
"53"	"1737405"	0.4057	1.4135	0.2613	0.7303	0.4249	0	0	0	0	0	0	0	0	0	0	0	0	0	0	0	0	0	0	0	0	0	0	0	0	0	0	0	0	0	0	0	0	0	0	0	0.1056	0.3732	0.4678	0.0423	0.7369	0	0	0	0	0	0	0	0	0	0	0	0	0	0	0	0	0	0	0	0	0	0	0	0	0	0	0	0	0	0	0	0	0	0	0	0.7589	0.3068	0.1254	0.0653	1.0953	0	0	0	0	0	0.8273	0.0918	0.1929	0.2055	0.1723	0	0	0	0	0
"54"	"133814"	3.8001	6.5326	9.2147	6.5971	8.8198	6.3375	8.7867	11.7993	12.4495	7.6883	10.341	4.9678	14.935	9.5692	11.0438	8.5258	8.4267	9.0704	7.2158	8.2565	14.1962	8.7258	6.4404	7.7405	12.2574	9.29	9.3689	7.6616	10.3274	9.3533	0	0	0	0	0	1.8431	4.1747	3.049	2.7858	3.5375	5.9215	10.2119	6.4289	8.179	8.8568	9.0117	10.5947	9.044	7.1423	10.3571	10.9664	10.5243	9.6385	6.8572	10.6399	13.9263	12.3311	12.5848	7.0687	8.4601	8.1593	10.0451	8.9372	15.2263	9.7607	10.6152	5.8239	9.5158	11.3508	8.7576	1.9802	7.4773	10.0032	6.0342	32.4116	3.6601	0.0642	2.1957	0.9007	0.0579	4.7508	6.7702	7.8645	7.1125	7.4499	11.0662	7.1962	11.931	8.6344	8.8928	7.0663	6.4563	7.7079	9.227	7.9551	5.439	2.5605	1.2591	1.2107	6.7551
"55"	"2039638"	1.5967	2.4586	1.4535	0.5373	1.5817	1.6525	0.882	0.4355	1.9337	1.0228	0.4632	1.2944	0.5325	1.7697	2.0252	1.0996	1.1516	2.2158	1.0279	0.8179	2.2818	1.5198	0.9868	2.5162	0.7294	1.0192	2.1226	1.5328	1.2959	2.0566	0	0	0	0	0	0.6011	1.7185	0.6692	0.6591	0.3804	0.5142	1.8462	0.8012	0.6458	0.5239	0.812	2.036	0.543	2.6096	0.7398	0.6009	0.9855	0.6256	1.4973	1.3916	0.4869	0.7244	0.8904	1.6559	1.1987	0.7931	0.6204	1.6527	0.7449	2.1525	1.0503	1.5076	1.3868	1.0034	1.9923	0.6863	1.6479	1.1544	0.0877	0.1852	0.048	1e-04	2e-04	0.2597	0.0046	1.1405	0.8062	0.7583	1.0817	0.9649	0.3437	0.6714	2.1482	0.9903	1.169	1.0458	0.9178	0.5801	0.9205	0.6034	0.1534	3.102	0.4976	0.6835	0.8429
"56"	"85006"	1.3215	1.4876	2.7061	0.8824	2.6168	1.0656	1.3356	4.2216	0.8163	1.8089	1.6496	1.267	3.761	1.2349	2.6538	1.9495	2.9058	0.8251	1.5575	3.0994	0.8954	2.4048	1.9879	1.4332	1.4899	2.1418	1.8676	1.6831	2.6953	1.9954	0.3745	0.4813	0.387	0.4572	0.4508	1.3683	2.3292	3.3347	1.6497	1.6767	1.4673	2.7712	1.2669	2.1066	2.5827	1.8741	2.8056	3.2392	1.7426	2.7906	2.4873	0.5526	0.6875	1.7469	2.2669	1.4027	1.5272	3.3722	1.2519	1.7751	1.3422	1.4966	2.3983	1.691	1.0528	2.1796	3.0629	3.0086	2.7898	3.7917	0.9599	0.9689	0.5764	1.0855	1.9046	0.0044	0.0054	0.5931	0.6008	0.1308	0.2121	0.192	0.4038	0.1036	0.5111	1.9601	1.7402	2.3739	1.8778	1.3398	0.7073	0.6602	0.6006	0.9121	0.7865	0	0	0	0	0
"57"	"32003"	0.727	1.1639	0.3992	1.9218	5.3535	2.9008	1.7248	1.1154	2.3212	1.7527	3.5514	2.1002	3.2718	1.6967	1.2203	1.9759	2.4565	3.1548	4.0131	1.9896	2.3639	1.2162	1.7005	2.3403	3.362	3.0628	2.3212	2.2316	4.1422	2.3273	1.2143	1.4261	1.6053	1.4241	1.2401	1.5848	1.5038	1.5291	1.8793	2.5307	3.0771	1.0865	1.5087	2.7263	2.2796	2.8776	1.7645	1.9909	3.1371	1.2091	1.2944	1.452	1.0027	1.2569	2.8296	1.3574	1.8778	1.9456	1.8049	2.6529	5.0672	1.6855	2.0279	1.2043	1.5649	4.4517	2.0128	1.3041	1.3899	2.4277	16.2197	0.2418	2.0604	3.5036	0.9667	0.7944	0.017	0.059	1.5205	9e-04	0.2752	0.2927	0.3597	0.4573	0.1189	2.1382	1.2447	1.6779	4.2707	1.3151	1.9072	1.4703	0.8727	1.2617	1.0094	0	0	0	0	0
"58"	"1890424"	2.1927	0.7057	0.7766	0.0619	0.2741	0.9316	0.6621	0.3167	0.2741	0.2902	0.9137	0.7855	0.5825	0.425	0.3035	0.5859	0.3867	0.1948	0.469	0.1632	0.3239	0.8921	1.5141	0.2741	0.3702	0.4379	0.6444	1.0709	0.9523	0.4441	0.2015	0.2239	0.1854	0.2399	0.2218	0.2808	1.0093	0.425	0.6731	0.6533	2.019	1.3528	0.923	0.3618	0.5298	0.3771	0.6763	1.1809	0.7828	0.4066	0.1316	0.192	0.2641	0.6407	0.4582	0.6597	0.4809	0.5314	0.459	1.2025	1.6597	1.3845	0.541	0.4223	0.4345	0.3846	0.3102	0.4233	0.8455	0.2972	0.0751	0.0259	0.0583	0.1671	0.154	0.0048	0.1978	0	0.0641	1e-04	1.32	0.4081	0.2111	0.0288	0.0995	1.2889	0.4453	0.3012	0.4139	0.2873	0.7564	0.4692	0.302	0.0931	0.1068	0	0	0	0	0
"59"	"666506"	0.1291	1.4731	0.1942	0.5121	0.1439	0.0746	0.0569	0.9329	0.414	0.7732	0.2052	0.0969	0.6957	0.2799	0.2783	0.6051	1.0207	0.7547	0.9853	0.5849	0.2731	0.2348	0.0227	0.3842	0.3565	0.2586	0.3744	0.8941	1.7596	0.25	0	0	0	0	0	0.1206	0.02	0.3339	0.3006	0.0113	0.1161	0.0555	0.0681	0.0845	0.4598	0.516	0.6141	0.1187	0.3958	0.148	0.2343	1.073	0.0507	1.3979	0.4366	1.5868	0.3257	0.1607	0.6865	2.0899	0.147	0.1934	0.3941	0.8387	0.2932	0.7077	0.7751	0.536	2.0863	0.3027	0.0067	0.0217	0.0934	0.3253	0.2191	0.0014	0.0044	7e-04	0.001	0.0017	0.0595	1.1282	0.2987	0.2833	0.5825	0.2234	1.6721	0.3239	1.891	0.6145	0.3873	0.6327	0.8884	1.0151	1.4287	2.0688	1.0584	0.2979	1.588	2.59
"60"	"54526"	4.236	6.3708	6.4647	5.4447	5.5712	6.7972	7.7718	3.6117	5.6514	4.8006	4.9117	3.5257	4.8795	3.9671	6.1084	6.3189	3.4027	5.7661	4.7676	3.5734	6.2339	8.8801	4.0123	4.8521	4.3702	2.9175	3.2273	3.7403	3.4279	3.3831	6.9254	5.2624	11.1976	6.0223	7.4222	6.0049	7.2857	6.0119	4.6267	9.499	5.6199	6.0056	6.6051	6.1433	8.881	2.967	3.9323	4.6395	6.1406	5.6756	2.8306	4.8691	3.9238	5.0321	5.1522	3.4865	4.9903	4.3854	5.8229	6.093	4.7152	3.9436	6.4751	5.4626	4.2969	2.7573	3.4682	0.5949	1.1574	0.7561	1.6291	15.0279	6.2279	12.524	12.8013	24.6915	18.5315	7.2109	14.3382	22.6069	4.5067	3.9405	4.7318	4.3909	4.7747	2.7396	3.6854	3.1103	3.747	6.2182	2.7561	3.1817	3.1077	3.3434	2.3864	9.1546	8.6736	7.1353	10.2374	4.8176
"61"	"1804992"	3.0474	0	0	0	0	0.6261	0.306	0.7656	0.6679	0.0861	2.9252	0.4161	1.1394	0.7688	1.2184	0.0861	0.1052	0.2048	0.1243	0.5585	0.8872	0.2736	0.3561	0.4637	0.7042	0.9334	0.75	0.2745	0.3308	1.4987	0	0	0	0	0	0.2345	0.2386	0.1266	0.1404	0.0488	0.2294	0.0242	0.1817	1.1239	0.3243	1.6501	0.7434	2.1446	0.0589	0.1923	0.9401	0.4547	0.4112	0.8389	0.5382	0.2404	0.4248	0.5519	0.6193	0.716	1.6221	1.386	0.0566	0.0705	1.2114	0.7043	0.7437	0.5771	0.122	0.8109	0.1234	0.0549	0.3983	0.0489	0.3449	0	3e-04	0	0.005	0	1.1725	0.6862	0.5411	0.9401	1.1135	0.0729	0.0857	0.7961	0.0458	0.2027	0.6648	0.8255	1.2936	2.7081	0.6013	1.4359	5.7909	6.0938	2.3201	1.3691
"62"	"1385"	0.6913	0.489	0.7441	1.027	0.7455	0.5521	0.4969	0.6453	0.4909	0.6407	0.6819	0.578	0.4098	0.5274	0.5957	0.4825	0.6293	0.5166	0.5843	0.5415	0.4075	0.4583	0.5008	0.6895	1.5211	0.6725	0.5176	0.5267	0.6029	0.4439	2.3464	2.3394	1.7046	2.2538	2.0258	1.6993	1.593	1.594	1.3394	1.3976	1.0052	2.0754	1.4365	1.4609	1.0597	0.686	0.7712	0.5965	0.6807	0.5479	0.7237	0.6559	0.6404	0.6233	0.5479	0.6393	0.6959	0.5438	0.461	0.6079	0.5852	0.7931	0.5401	0.6079	0.5225	0	0	0	0	0	0.1482	0.3528	0.8839	0.3578	0.4076	0.04	0.0447	0.3888	0.3577	0.0894	0.3633	0.4917	0.6826	0.6071	0.5712	0.6177	0.4609	0.5118	0.6827	0.8201	0.4912	0.4161	0.4182	0.4733	0.5817	0.9049	0.5511	0.839	1.0699	0.9196
"63"	"91347"	0.4283	0.6662	0.7165	0.7142	0.6618	2.02	2.8202	4.4047	2.7372	3.894	1.7481	5.3634	3.9516	3.7589	3.1139	4.7218	1.9893	2.7096	3.8396	3.7931	2.5458	4.2295	2.7234	3.1059	2.5115	3.1832	3.0682	2.8418	2.2928	2.3303	3.3997	3.9285	3.0352	3.7402	3.7313	2.5386	2.7902	2.4217	2.6843	2.6455	1.5259	1.6482	1.6395	1.6789	1.6486	4.6727	2.2072	2.0437	2.3345	1.7696	3.1347	4.7505	3.5094	2.3037	2.5529	1.7686	6.1268	2.0166	2.0925	1.9536	3.217	2.2751	1.4584	2.469	3.0559	2.2719	3.747	1.4826	2.1733	1.3446	0.3442	1.0394	2.1902	2.6325	0.883	3.9049	0.0157	0.0494	0.0526	0.0138	0.5387	0.5616	0.7946	1.1225	0.6381	1.0888	1.2294	1.1055	0.8801	0.7981	1.8322	1.4341	1.4657	1.7656	1.7866	0.4488	0.129	0.3537	0.6336	0.5912
"64"	"135614"	0.0935	0.0962	0.2058	0.4858	0.543	0.317	0.2875	0.357	0.2894	0.2605	0.4196	0.256	0.3014	0.4605	0.3323	0.3504	0.399	0.3578	0.2289	0.2457	0.3764	0.2056	0.3314	0.2264	0.3033	0.4204	0.3814	0.361	0.3455	0.3733	0.7591	0.8607	0.7159	0.7621	0.8258	0.5663	0.7756	0.5577	0.6592	0.7282	0.4205	0.4101	0.7457	0.5332	0.5472	0.4688	0.295	0.4112	0.2885	0.2592	0.2761	0.5112	0.3839	0.2721	0.2671	0.3418	0.3427	0.2875	0.2955	0.2856	0.3036	0.3321	0.2079	0.3764	0.3004	0	0	0	0	0	0.028	0.1463	0.2193	0.1186	0.106	8e-04	0.0089	0.0035	0.0294	6e-04	0.1796	0.2036	0.3467	0.1858	0.3645	0.3635	0.4327	0.3606	0.3134	0.2467	0.2077	0.3131	0.3391	0.2707	0.261	0	0	0	0	0
"66"	"135625"	0.16	0	0	0	0	0.2013	0.2071	0.196	0.1758	0.2128	0.2065	0.1834	0.1805	0.1297	0.1579	0.2098	0.1559	0.2233	0.2337	0.1717	0.2304	0.2024	0.1681	0.165	0.1859	0.2924	0.3164	0.2808	0.2501	0.3102	0.773	0.8996	0.7021	0.849	0.8503	0.626	0.6005	0.7177	0.7579	0.5986	0.3871	0.3332	0.3519	0.4129	0.3543	0.2398	0.1721	0.1451	0.1751	0.1948	0.2705	0.1506	0.1904	0.1883	0.2212	0.2361	0.229	0.1904	0.2088	0.1705	0.1639	0.1888	0.2385	0.2485	0.2043	0	0	0	0	0	0.0078	0.0725	0.0305	0.1135	0.0225	1e-04	7e-04	0.0028	0.0018	4e-04	0.122	0.1139	0.1362	0.214	0.1153	0.2054	0.1958	0.1665	0.1991	0.2603	0.2386	0.1976	0.201	0.2263	0.2344	0	0	0	0	0
"67"	"31932"	7.7648	8.6221	7.5451	8.2109	7.8214	6.6129	6.4586	7.2692	7.2471	7.2974	6.767	7.6532	7.1823	6.6725	6.1837	5.5521	6.6578	6.481	8.854	7.2804	7.2593	4.5899	7.5156	6.9818	7.5437	5.1592	4.8199	4.9404	4.9457	4.7323	16.6474	12.1769	11.5069	12.9769	13.3844	13.9744	11.3451	12.121	12.2822	9.8197	9.0795	10.1131	11.5909	9.5348	8.8627	6.524	8.0218	6.5611	5.7182	6.3449	6.9284	6.1093	6.6487	6.2239	6.4029	6.4749	6.1663	6.2867	5.6999	5.7349	6.4606	6.404	6.0923	6.1899	6.4538	0.2109	0.2115	1.0031	0.4031	0.5618	47.9179	5.8522	7.7907	5.2282	5.5574	0.2901	2.997	1.9385	4.1757	1.4888	6.388	6.5097	5.8749	5.9207	5.5867	5.8871	5.8274	6.8335	8.1322	6.3223	5.9018	4.6418	4.8034	3.9749	4.3127	8.6096	9.8439	6.8596	7.629	11.5379
"203"	"135624"	0	0	0	0	0.1136	0.2318	0.215	0.2103	0.199	0.2439	0.1453	0.1738	0.186	0.2596	0.2011	0.2113	0.2595	0.2497	0.2462	0.1848	0.2427	0.2066	0.1723	0.1821	0.2013	0.2987	0.2904	0.2326	0.2957	0.291	0.7149	0.6338	0.8175	0.5695	0.5768	0.4589	0.4952	0.4222	0.4585	0.4935	0.3309	0.4213	0.4107	0.3965	0.3029	0.2361	0.2479	0.1574	0.1897	0.18	0.29	0.2946	0.2228	0.1941	0.2375	0.2373	0.2479	0.1682	0.1751	0.18	0.1721	0.1776	0.1432	0.1311	0.2152	0	0	0	0	0	0.007	0.0735	0.0989	0.1167	0.0697	1e-04	4e-04	0	0.002	0	0.2125	0.2212	0.1972	0.2143	0.2426	0.2256	0.2334	0.1803	0.2015	0.1196	0.2006	0.2113	0.1896	0.1833	0.229	0	0	0	0	0
"218"	"2881377"	0	0	0	0	0	0.0192	0.0858	0.0317	0.2565	0.0854	0.4104	1.8621	0.3382	0.1183	0.0967	0.1365	0.0462	0.2235	0.3503	0.05	0.1159	0.3095	0.0812	1.8544	0.3911	1.0315	0.3375	0.292	0.2326	0.4277	0	0	0	0	0	0	0	0	0	0	0	0	0	0	0	0.0359	0.3913	0.4878	0.6621	0.2322	0.3057	0.142	0.0923	0.3788	0.0728	0.1971	0.2236	0.7103	0.3758	1.0066	0.1398	0.2673	2.6586	0.1811	0.2843	0.328	0.1642	0.4736	0.3078	0.1264	0.0456	0.0267	7.5388	0.116	0.132	0	0.0167	1e-04	0	0.1377	0	0	0	0	0	0	0	0	0	0	0.0158	0.0319	0.1765	0.0605	0.2305	0	0	0	0	0
"219"	"85009"	0	0	0	0	0	0.0472	0.1233	0.7452	0.1787	0.6879	0.2872	0.4615	0.1267	0.1627	0.1816	0.3981	0.1241	0.3012	0.1457	0.1926	0.0392	0.1934	0.9687	0.0968	0.7489	0.2096	0.268	0.2746	0.0892	0.252	0.1863	0.1965	0.242	0.2287	0.2205	0.1794	0.1339	0.1598	0.1823	0.1318	0.0634	0.0295	0.0376	0.0386	0.0378	0.0483	0.12	0.674	0.4899	0.3526	0.2992	0.048	0.2013	0.0736	0.217	0.1468	0.374	1.7599	0.0719	0.0544	0.1281	0.0465	0.2863	0.4911	0.0842	0.2337	0.4021	0.074	0.024	0.0621	0.2773	0.0817	0.1284	0.0455	0.0308	1e-04	7e-04	0.0017	9e-04	0.001	0	0	0	0	0	0	0	0	0	0	0.1477	0.2349	0.1768	0.1006	0.0677	0	0	0	0	0
"220"	"112"	0	0	0	0	0	0.0777	0.0623	0.364	0.3599	0.6925	0.1397	0.3651	0.0767	0.0417	0.1245	0.1976	0.0841	0.2749	0.1278	0.0421	0.2354	0.3917	0.3094	0.1841	0.0898	0.1212	0.2064	0.2714	0.3691	0.5159	0	0	0	0	0	0	0	0	0	0	0	0	0	0	0	0.105	0.2271	0.1204	0.0774	0.4252	2.5699	0.4719	0.3156	0.2152	0.451	0.4482	0.1109	0.2064	1.025	0.2736	0.5251	0.4771	0.0328	1.2474	0.122	0.0649	0.3257	0.2098	0.1091	0.2288	0.0121	7.5328	0.0472	0.1588	0.2609	0	0.0057	0	0.0368	0.0015	0	0	0	0	0	0	0	0	0	0	0.143	0.6879	0.034	0.1095	0.0866	0	0	0	0	0
"221"	"135619"	0	0	0	0	0	1.0836	1.6405	1.1019	0.9455	1.2181	0.7697	0.6067	0.925	1.3809	0.6877	1.4629	1.0839	1.1872	2.7767	0.5689	0.7099	1.2531	0.9281	0.7453	0.6525	1.5207	1.9526	1.8709	1.7905	1.2409	2.5424	2.733	2.7679	2.7166	2.5094	1.5639	1.4744	1.689	1.8558	1.6696	0.8894	0.8529	0.8563	0.9298	0.7319	0.7551	0.6221	1.1498	1.0653	1.8173	0.5803	1.7705	0.6917	0.9768	0.7792	1.2659	1.4989	1.0797	1.1344	0.7004	1.1329	1.1856	0.9882	0.9047	1.7789	0.6176	0.7899	0.6124	1.0941	1.2057	0.0178	0.2608	0.5113	8.4162	0.2527	4e-04	0.0094	0.0031	0.0082	1e-04	0.803	1.1961	0.5017	2.1648	2.386	0.5152	0.4747	0.4854	0.4642	0.3284	1.8204	1.1817	1.0864	0.675	1.1991	0	0	0	0	0
"222"	"85007"	0	0	0	0	0	0.0411	0.0228	0.5582	0.1523	0.5132	0.0296	0.4889	0.3026	0.0714	0.4233	0.109	0.0193	0.0333	0.1594	0.2884	0.0215	1.9816	0.3084	0.0267	0.1456	0.2992	0.4946	0.4094	0.1796	0.2536	0	0	0	0	0	0	0	0	0	0	0	0	0	0	0	0.097	0.1562	0.3016	0.282	0.5386	0.1127	0.0191	0.3654	0.6815	0.725	0.1768	0.1889	0.36	0.4968	0.3182	0.2092	0.2314	0.195	0.0407	0.134	0.9811	0.2084	2.0466	0.3925	0.238	0.0452	7e-04	0.0133	0.1759	0.0225	0.1076	0.1237	0	8e-04	5e-04	0	0	0	0	0	0.2684	0.0888	0.1955	0.1997	0.1857	0.1875	0.2928	0.2116	0.5919	0.1967	0	0	0	0	0
"223"	"1150"	0	0	0	0	0	1.1886	0.0318	1.1338	0.3257	0.3124	0.0707	1.0033	0.0719	0.1553	0.6594	0.3421	0.3348	1.4846	0.1839	0.3045	0.0777	0.7296	0.5382	0.1454	1.0428	0.3765	0.3759	0.2808	0.2589	0.1493	0	0	0	0	0	0	0	0	0	0	0	0	0	0	0	0.113	0.0476	0.2996	0.1279	0.0848	0.4666	1.0024	1.453	0.2395	0.1887	0.1487	1.1375	0.1013	0.444	0.1981	0.1472	0.1453	0.1257	2.1346	0.0716	1.6082	1.0233	0.4577	0.3059	0.5378	0.2405	0.4978	0.002	0.0352	0.3778	0	0.1932	5e-04	0.0011	0	0	0	0	0	0	0.3111	0.235	0.101	0.7755	0.2241	0.4375	0.2308	0.3656	0.2034	0.3873	0	0	0	0	0
"224"	"171549"	0	0	0	0	0	0.4681	0.3937	0.8244	0.3946	0.145	0.2088	0.0978	0.4027	0.0388	0.0393	0.0689	0.2843	0.1744	0.446	0.1441	0.1471	0.6739	0.1533	0.0693	0.0247	0.4931	0.2909	0.8614	0.8454	0.3999	0.1038	0.1375	0.1103	0.1056	0.1388	0	0.0635	0.0608	0.0692	0.0666	0	0	0	0	0	0.0402	0.1493	0.0452	0.4361	0.2608	0.1234	0.9994	0.5442	1.0045	0.8181	0	0.2259	0.273	0.0119	0.0387	0.2422	0.394	0.6078	0.9918	0.2269	0.5049	1.4576	0.2457	0.5312	0.8983	0.2868	0.0462	0.0495	0.5062	0.1446	0	7e-04	5e-04	0.0134	1e-04	0	0	0	0	0	0	0	0	0	0	0	0	0	0	0	0	0	0	0	0
"225"	"1843489"	0	0	0	0	0	0.0837	0.1331	0	0.1638	0	0.1849	0.1701	0	0.0738	0.0436	0	0	0	0	0	0.082	0.3881	0.5111	0.0736	1.4866	0.4847	0.5054	0	0	0.4738	0	0	0	0	0	0	0	0	0	0	0	0	0	0	0	0.0976	0.1293	0.1057	0	0.4016	0.3273	0	0.0845	0	0.3687	0	0.3664	0.1836	0.1937	0.1365	0.1001	0.4785	0	0	0.6853	0	0	0	0	0	0.0056	0.015	0.0097	0	0.0029	0	0	0	20.9292	0	0.1187	0.1387	0.1772	0.0977	0.1606	0	0	0	0	0	0.3244	0.0932	0.0549	0.0938	0.1272	1.0024	2.0221	0.6245	0.861	2.355
"226"	"206351"	0	0	0	0	0	1.6327	1.0479	0.0763	0.6939	0.7568	0.8918	0.3636	0.113	0.1823	0.1009	1.3288	0.2146	0.5309	0.0663	0	1.081	0.5226	2.7133	0.8813	0.7053	0.7192	1.0892	0.2055	0.2235	0.5732	0	0	0	0	0	0	0	0	0	0	0	0	0	0	0	1.0596	0.1629	0.284	0.0287	1.3611	0.6619	0.1017	0.4917	0.2338	0.1082	0	0.9525	0.5756	0.8958	0.2154	3.1043	0.3864	0.0297	0.4424	1.092	0.1321	0.1568	0.1227	0.0192	1.1594	0.0579	0.2505	0.0258	0.0116	0.0799	0.6882	0	0.0255	0.0035	0	1.3119	0.1961	0.5378	0.3653	0.5691	0	0	0	0	0	0.1487	0.7194	0.119	0.5732	0.2007	0.5102	0.639	1.2778	2.3097	2.4307
"227"	"1293499"	0	0	0	0	0	0.2683	0.7128	0.2127	0.9196	0.0851	1.3649	0.4826	0.1738	1.8581	0.8951	0.0603	0.2226	0.0476	0.2395	0.231	0.352	0.178	0.6937	0.1997	0.3956	0.7565	0.4424	0.0969	0.4404	0.4567	0	0	0	0	0	0.0277	0.0905	0.5213	1.4867	0.55	0.0654	0.0261	0.4009	0.0359	0.1909	0.7216	0.1912	0.4135	0.1511	0.4198	0.3133	0.5541	0.3702	0.0699	1.8172	1.0359	2.2954	0.3462	1.7532	0.4069	0.4299	0.6327	0.7506	0.0485	2.1677	0.1495	0.1932	0.5467	0.1734	0.2329	0.0246	0.2658	0.0448	0.1337	3.2691	1e-04	0	0	0.0351	0.001	1.3289	0.1439	0.2481	0.2026	0.1379	0.6173	1.0935	0.2495	0.3998	0.804	0.516	0.1932	0.142	0.5748	0.1656	0	0	0	0	0
"228"	"186826"	0	0	0	0	0	0.1144	0.3622	0.4138	0.7484	0.1967	0.4498	0.6368	0.5226	0.371	1.1984	0.2322	0.3423	0.0198	0.5328	0.1009	0.1967	1.242	1.4063	0.5513	0.7581	1.0753	0.7768	0.4855	0.5039	0.6538	0.4725	0.4372	0.615	0.5271	0.5937	0.3799	0.2899	0.3456	0.3617	0.3346	0.2121	0.2481	0.1548	0.2338	0.2457	0.7025	0.5241	0.3036	0.5924	0.4171	0.5222	0.4355	0.3444	0.2834	1.0287	0.332	0.3036	0.5382	0.2861	0.8551	0.4442	0.7053	0.606	0.1238	0.2091	1.5191	0.6435	1.0818	1.3719	1.5777	0.0087	0.0147	0.1197	0.4397	0.1213	0.0016	0.0115	0	1.6816	3e-04	0.7122	0.5268	0.9909	0.537	1.9713	0.5876	0.9509	1.5184	1.7492	0.5944	0.7467	5.4644	0.6322	1.179	0.6688	1.3286	0.263	0.7341	1.9602	0.4037
"229"	"2235"	0	0	0	0	0	0.9815	0.7139	1.695	0.4427	0.4861	0.7231	0.2612	0.1736	0.1269	0.3984	0.2817	0.7542	0.2166	0.4666	0.4904	0.29	0.3578	1.1352	0.2573	0.1734	0.9326	0.7932	0.7688	0.3729	0.5468	0	0	0	0	0	0.956	0.8952	0.1119	0.4868	0.45	0.3568	0.3722	0.5399	0.2567	0.8262	0.9491	1.4413	0.2774	2.5541	1.0761	0.3715	0.3342	2.1693	0.1526	0.8306	0.2045	0.4937	0.4608	1.9438	0.6817	1.5772	0.4437	1.2597	0.1548	0.3847	0.3929	0.6632	0.1502	0.2082	0.3591	0.762	0.0265	0.0596	0.3102	0.056	0.0063	0	8e-04	4e-04	0.0141	0	0	0	0	0	0.3917	0.6565	0.5896	0.893	0.4439	0.5598	0.2534	0.174	0.1	0.2055	0	0	0	0	0
"230"	"1033996"	0	0	0	0	0	0.2852	0.2967	0.0569	0.4633	0.1162	0.241	0.6784	0.1172	0.4188	0.0245	2.2799	0.1269	0.8483	0.2508	0.3745	0.4818	0.0584	0.7302	0.1185	0.1145	0.1974	0.247	0.1426	0.239	0.467	0	0	0	0	0	0.1899	0.0506	0.2754	0.5186	0.324	0.1138	0.0505	0.0794	0.029	0.2503	0.2266	1.4099	0.1018	0.3604	0.5713	0.1426	0.1744	0.0262	0.0913	0.3996	0.147	0.0724	0.6262	0.1089	0.6133	0.6296	0.3431	0.4898	0.5302	1.1475	0.0848	0.2526	0.0547	0.0665	0.1233	0.0574	0.0706	0.0751	1.0365	0.5577	1e-04	0	2e-04	4e-04	0	0	0	0	0	0	0.0733	0.2131	0.3059	0.1117	0.1549	0.1168	0.1411	0.3959	0.0379	0.0473	0	0	0	0	0
"231"	"1389450"	0	0	0	0	0	0.1634	1.5119	3.1836	0.1799	0.074	1.0588	0.1209	0.0844	0.1263	0.3473	0.0739	0.4495	0.1512	0.0364	0.0941	0.1198	0.2842	1.5383	0.1547	0.4243	0.2608	0.3598	0.4362	0.2549	0.2895	0	0	0	0	0	0.2405	0.1834	0.8634	0.0639	0.913	0.5788	0.0378	0.2704	0.1961	0.1117	0.2578	0.4331	0.3735	0.1752	0.2141	0.1328	0.1309	0.1966	0.6014	1.7766	0.037	0.0505	0.9218	1.2615	0.0854	0.3816	0.2567	0.1364	0.5532	0.3245	0.6233	0.2158	0.1272	0.0777	1.0069	0.0215	1.0765	0.0879	0.0135	0.1897	0	9e-04	0.0532	0.0047	0	0	0	0	0	0	0.0629	0.1354	1.2996	0.3378	0.1782	0.0129	0.4226	0.015	0.0177	0.0705	0	0	0	0	0
"232"	"766"	0	0	0	0	0	1.2548	0.676	0.3943	0.5259	0.188	0.6675	1.3733	0.3973	1.1658	0.6927	0.4381	0.5889	0.5557	0.743	1.5431	0.1672	0.3856	0.1317	0.4094	0.1438	0.6286	0.64	0.4436	0.5628	0.4046	0	0.0088	0	0.0135	0	0.3411	0.3024	0.4933	0.7022	0.478	0.402	1.4725	1.6273	0.6067	0.3582	0.3791	2.5577	1.7186	0.9697	0.2004	0.6218	1.3011	0.1247	1.1092	0.5436	0.3	1.1527	0.5428	0.2575	0.2858	0.4137	0.7796	0.9551	0.254	0.27	1.4973	0.7996	0.6522	2.275	2.7548	0.0354	0.278	0.0634	0.6134	0.0535	6e-04	3e-04	2e-04	0.0777	2e-04	0	0	0	0	0	0.8819	1.3565	0.5213	1.2676	1.3311	0.2641	0.0817	0.2356	0.1379	0.1115	0	0	0	0	0
"233"	"2975284"	0	0	0	0	0	0.0776	0.3065	0.2825	0.1749	0.0829	0.0748	0.376	0.2211	0.1949	0.1185	0.1318	0.7024	0.2873	0.1027	0.1831	0.2345	0.2471	0.2206	0.223	0.1191	0.1211	0.3421	0.5774	0.2558	0.8308	0	0	0	0	0	0.5402	0.0541	0.4834	0.1107	0.117	0.3869	0.0492	0.4408	0.1684	0.1095	0.777	0.158	0.192	0.2216	0.6743	0.1169	0.3229	0.1646	0.2943	0.1387	0.1823	0.1215	0.098	0.1626	0.2955	0.3085	0.4073	0.1593	0.1097	0.1885	0.747	0.3481	0.135	0.0147	0.3444	0.0052	0.0554	0.0774	0.221	0.0036	0	0	0	6e-04	0.0031	0	0	0	0	0	0.2571	0.0702	0.2387	0.1057	0.2739	0.0958	0.0075	0.2066	0.2255	0.4219	0	0	0	0	0
"234"	"2682226"	0	0	0	0	0	0.1511	0.1933	0.238	0.3129	0.1221	0.0828	0.1054	1.0887	1.1357	0.0398	0.103	0.1075	0.315	0.1029	0.1379	0.2512	0.4763	0.196	0.931	0.6315	0.7192	0.1605	0.5198	0.1476	0.2634	0	0	0	0	0	0	0	0	0	0	0.6403	0.2748	0.8479	0.6626	0.0948	2.5824	1.5901	0.2433	0.2338	0.1709	0.1906	0.1931	0.1627	0.2224	0.1443	0.1679	0.1311	0.123	0.411	0.6777	0.0306	0.466	0.0536	0.3129	0.1143	0.501	0.6492	0.2193	0.0693	0.0671	0.2053	0.6052	0.1547	0.2739	1.3448	0.0012	7e-04	0	0	0	0.6672	0.4054	1.3021	0.2628	0.7646	0.2096	0.6859	0.7717	0.4899	0.8166	0.1659	1.1959	0.5688	0.1801	0.3003	0	0	0	0	0
"236"	"72273"	0	0	0	0	0	0.0082	0	0	0	0	0	0	0.047	0	0	0.0701	0.0307	0	0	0.0585	0.0241	0	0	0	0	0	0.1426	0	0	0	0.7789	0.8082	0.8256	0.8646	0.8568	0.4929	0.3972	0.4738	0.4628	0.3905	0.2124	0.2509	0.1276	0.191	0.1865	0	0	0	0.0548	0	0	0	0.0488	0	0	0	0	0	0	0	0	0	0	0	0.0513	0	0	0	0	0	0	0	0	0	0	0	0	0	0	0	0.0343	0	0	0	0	0	0	0.0978	0	0	0.0871	0.0746	0.0832	0.1157	0.1164	0	0	0	0	0
"237"	"135623"	0	0	0	0	0	0.1274	0.1183	0.1035	0.0771	0.1097	0.0651	0.0845	0.0889	0.0691	0.1085	0.1734	0.087	0.127	0.0478	0.1328	0.1098	0.0974	0.1418	0.0903	0.1538	0.2197	0.1901	0.1822	0.1828	0.2613	0.8197	0.739	0.5655	0.8019	0.7007	0.4912	0.4886	0.5044	0.5693	0.4681	0.2898	0.3061	0.2269	0.3117	0.2118	0.1464	0.1707	0.0753	0.1257	0.112	0.1756	0.0766	0.1528	0.0703	0.1011	0.1157	0.1207	0.1083	0.11	0.0934	0.1804	0.1218	0.0805	0.1262	0.1858	0	0	0	0	0	0.0014	0.0317	0.0197	0.0237	0.0092	1e-04	0	2e-04	0.0017	0	0.0761	0.1553	0.0781	0.0849	0.1549	0.1272	0.1246	0.1008	0.137	0.0369	0.125	0.1299	0.1441	0.1108	0.1441	0	0	0	0	0
"238"	"80840"	0	0	0	0	0	0.094	0.1377	0.0352	0.0998	0.0527	0.0398	0.0846	0.1021	0.1019	0.0814	0.0593	0.1203	0.0485	0	2.1949	0.1005	0.0384	0.0547	0.0746	0.0659	0.1417	0.1672	0.1588	0.2125	0.2105	0.7517	0.8876	0.9983	0.9273	0.9256	0.5647	0.5355	0.5883	0.5857	0.6385	0.2488	0.2385	0.1905	0.3028	0.3204	0.0926	0.0624	0.1218	0.0351	0.0713	0.0826	0	0.1089	0.1237	0.0719	0.3973	0.1182	0.0994	0.0722	0.0714	0.0343	0.0753	0.0608	0.0907	0.1398	0	0	0	0	0	5e-04	0.014	0.0108	0.0173	0.0043	0	0.1113	1e-04	2e-04	1e-04	0.4476	0.9675	0.4342	2.5826	0.7579	2.5365	0.4746	0.2581	0.7272	0.2152	0.4036	1.0381	0.808	2.0469	1.0142	0	0	0	0	0
"376"	"2691354"	0	0	0	0	0	0	0.3206	0.1267	0	0.2709	0	0	0.2012	0.8212	0	0.0845	0.3142	0.1265	0.0872	0.6079	0	0.734	0.2867	0.2972	0	0	0	0.2132	0.1357	0	0.0754	0.0844	0.0922	0.0699	0.0914	0	0	0	0	0	0	0	0	0	0	0	0.1389	0.5505	0.4231	0	0	0.0775	0	1.4129	0	0.791	0.0991	0.1815	0	0	0	0.0744	0.1158	0.355	0	1.215	1.2749	2.2107	1.5751	1.4369	0	0.0103	0	0.7075	0.5966	0.5705	0.0023	0	0	0	0	0.1507	0	0.1126	0.0392	0.5112	0.3954	0.9944	1.5959	1.15	0.2343	0.485	1.0452	1.3159	0.7691	0	0	0	0	0
"385"	"213118"	0	0	0	0	0	0	0	0.2117	0	0.2396	0	0	0.3874	0	0	0.3552	0.4638	0.1573	0.1564	0.3276	0	0	0	0	0	0	0	0.2285	0.3111	0	0	0	0	0	0	0	0	0	0	0	0	0	0	0	0	0	0	0	0.0961	0	0	0	0	0.1304	0	0.0374	0	0	0	0	0	0	1.5764	0.1396	0	0	0	0	0	0	0	0	0	0.0112	0	0.0134	0.0187	0	0	0	0	0	0	0	0	0	0	0	0	0	0	0	0	0	0	0	0	0	0	0
"386"	"1617890"	0	0	0	0	0	0	0	0.0435	0	0.0612	0	0	0.069	0	0	0.4644	0.3027	0.3067	0.2192	0.288	0	0	0	0	0	0	0	0.8164	0.4718	0	0	0	0	0	0	0	0	0	0	0	0	0	0	0	0	0	0	0	0.2486	0	0	0.2333	0	0.099	0	0.8035	0	0	0	0	0	0	0.5645	0.7607	0	0.0926	0.1124	0.1174	0.2341	0.3078	0	0	0	0.1521	0	0	0.0017	0	0	0	0.0289	0.8144	0.2482	0.8061	0.1546	0.3082	0.0243	0.9424	0.5367	0.6118	0.4729	0.0868	1.4654	0.1425	0.2527	0.4337	0.4776	0.3744	0.7696	0.2636
"420"	"1853229"	0	0	0	0	0	0	0	0	0	0	0	0	0	0	0	0	0	0	0	0.3378	0	0	0	0	0	0	0	0	0	0	0	0	0	0	0	0	0	0	0	0	0	0	0	0	0	0	0	0	0	0	0	0	0	0	0	0.1124	0	0	0	0	0	0	0	0	0	0.1232	0.1761	0.8732	0.2395	0.6378	0	0	0	0	0	0	0	0	0	0	0	0	0	0	0	0.1065	0.0514	0.2598	0.1709	0.4848	0.0987	0.2708	0.5016	0.086	0.0383	0	0	0	0	0
"436"	"204458"	0	0	0	0	0	0	0	0	0	0	0	0	0	0	0	0	0	0	0	0	0	0	0	0	0	0	0	0	0	0	0.1199	0.123	0.1239	0.1292	0.1522	0.0455	0.0882	0.074	0.0692	0.0917	0	0	0	0	0	0	0	0	0	0	0	0	0	0	0	0	0	0	0	0	0	0	0	0	0	0	0	0	0	0	0	0	0	0	0	0	0	0	0	0	0	0	0	0	0	0	0	0	0	0	0	0	0	0	0	0	0	0	0	0
"437"	"118969"	0	0	0	0	0	0	0	0	0	0	0	0	0	0	0	0	0	0	0	0	0	0	0	0	0	0	0	0	0	0	0.1785	0.1702	0.2119	0.2023	0.2023	0.1046	0.1123	0.1407	0.113	0.1056	0	0	0	0.0232	0.0226	0	0	0	0	0	0	0	0	0	0	0	0	0	0	0	0	0	0	0	0	0.2001	0.8797	0.159	0.2054	0.1826	0	0	0	0	0	0	0	0	0	0	0	0	0	0	0	0.2573	0.023	0.0402	0.5021	0.5837	0.0719	0.148	0.5942	0.0208	0.1822	0	0	0	0	0
"438"	"213849"	0	0	0	0	0	0	0	0	0	0	0	0	0	0	0	0	0	0	0	0	0	0	0	0	0	0	0	0	0	0	0.1856	0.3004	0.2115	0.2187	0.2413	0.1402	0.1053	0.0965	0.0913	0.1079	0	0	0	0	0	0	0	0	0	0	0	0	0	0	0	0	0	0	0	0	0	0	0	0	0	0	0	0	0	0	0	0	0	0	0	0	0	0	0	0	0	0.2733	0	0.1053	0.0905	0.4505	0.1321	0.4313	0.0639	0.2349	0.1395	0.1448	0.0733	0.2405	0.0387	0	0	0	0	0
"439"	"203491"	0	0	0	0	0	0	0	0	0	0	0	0	0	0	0	0	0	0	0	0	0	0	0	0	0	0	0	0	0	0	0.094	0.1052	0.0688	0.0858	0.0866	0.0348	0	0	0	0	0	0	0	0	0	0	0	0	0	0	0	0	0	0	0	0	0	0	0	0	0	0	0	0	0	0	0	0	0	0	0	0	0	0	0	0	0	0	0	0	0	0	0	0	0	0	0	0	0	0	0	0	0	0	0	0	0	0	0	0
"440"	"362534"	0	0	0	0	0	0	0	0	0	0	0	0	0	0	0	0	0	0	0	0	0	0	0	0	0	0	0	0	0	0	0.1603	0.16	0.1612	0.1913	0.1809	0.0907	0.1008	0.1389	0.1347	0.1172	0	0	0	0	0	0	0	0	0	0	0	0	0	0	0	0	0	0	0	0	0	0	0	0	0	0	0	0	0	0	0	0	0	0	0	0	0	0	0	0	0	0	0	0	0	0	0	0	0	0	0	0.0065	0	0.0148	0	0	0	0	0	0
"441"	"204441"	0	0	0	0	0	0	0	0	0	0	0	0	0	0	0	0	0	0	0	0	0	0	0	0	0	0	0	0	0	0	0.2788	0.3586	0.313	0.2984	0.3113	0.1776	0.1336	0.1748	0.1817	0.1286	0.0591	0.0494	0.039	0.038	0.0363	0	0	0	0	0	0	0	0	0	0	0	0	0	0	0	0	0	0	0	0	0	0	0	0	0	0	0	0	0	0	0	0	0	0	0	0.1713	0.0612	0.2543	0.1696	0.102	0.051	0.1245	0.1029	0.8157	0.0814	0.538	0.4889	0.7851	0.1625	0.9497	0	0	0	0	0
"442"	"908621"	0	0	0	0	0	0	0	0	0	0	0	0	0	0	0	0	0	0	0	0	0	0	0	0	0	0	0	0	0	0	0.0505	0.0311	0.0416	0.0394	0.0613	0	0	0	0	0	0	0	0	0	0	0	0	0	0	0	0	0	0	0	0	0	0	0	0	0	0	0	0	0	0	0	0	0	0	0	0	0	0	0	0	0	0	0	0	0	0	0	0	0	0	0	0	0	0	0	0	0	0	0	0	0	0	0	0	0
"443"	"200666"	0	0	0	0	0	0	0	0	0	0	0	0	0	0	0	0	0	0	0	0	0	0	0	0	0	0	0	0	0	0	0.059	0.0986	0.0831	0.0722	0.1207	0	0	0	0	0	0	0	0	0	0	0	0	0	0	0	0	0	0	0	0	0	0	0	0	0	0	0	0	0	0	0	0	0	0	0	0	0	0	0	0	0	0	0	0	0	0	0	0	0	0	0	0	0	0	0	0	0	0	0	0	0	0	0	0	0
"824"	"213481"	0	0	0	0	0	0	0	0	0	0	0	0	0	0	0	0	0	0	0	0	0	0	0	0	0	0	0	0	0	0	0	0	0	0	0	0	0	0	0	0	0	0	0	0	0	0	0	0	0	0	0	0	0	0	0	0	0	0	0	0	0	0	0	0	0	0.0483	1.555	0.1395	0.4138	0.0416	0	0	0	0	0	0	0	0	0	0	0	0	0	0	0	0	0	0	0	0	0.0921	0	0.0785	0.1431	0.0123	0	0	0	0	0
"825"	"2910145"	0	0	0	0	0	0	0	0	0	0	0	0	0	0	0	0	0	0	0	0	0	0	0	0	0	0	0	0	0	0	0	0	0	0	0	0	0	0	0	0	0	0	0	0	0	0	0	0	0	0	0	0	0	0	0	0	0	0	0	0	0	0	0	0	0	0.2808	0.5243	0.8986	0.6014	2.4515	0	0	0	0	0	0	0	0	0	0	0	0.165	0	0.1776	1.5282	0	0	0	0	0	0	0	0	0	0	0	0	0	0	0
"826"	"1836787"	0	0	0	0	0	0	0	0	0	0	0	0	0	0	0	0	0	0	0	0	0	0	0	0	0	0	0	0	0	0	0	0	0	0	0	0	0	0	0	0	0	0	0	0	0	0	0	0	0	0	0	0	0	0	0	0	0	0	0	0	0	0	0	0	0	0.4679	0.1492	0.0899	0.1055	0.2587	0	0	0	0	0	0	0	0	0	0	0	0.2811	0	0	0.6982	0.5997	0.2453	0.4022	0.0704	2.4392	0.0845	0.069	0.0782	0.1032	0.1161	0.3623	0.1888	2.0036	0	0
"827"	"292629"	0	0	0	0	0	0	0	0	0	0	0	0	0	0	0	0	0	0	0	0	0	0	0	0	0	0	0	0	0	0	0	0	0	0	0	0	0	0	0	0	0	0	0	0	0	0	0	0	0	0	0	0	0	0	0	0	0	0	0	0	0	0	0	0	0	0.4338	0.2615	0.0617	0.2295	1.367	0	0	0	0	0	0	0	0	0	0	3.499	0.419	0.7279	0.0505	0.0861	0.4435	0.5819	0.3552	0.6156	2.0283	0.0722	0.464	0.3786	0.0805	0.1087	0	0	0	0	0
"862"	"1643822"	0	0	0	0	0	0	0	0	0	0	0	0	0	0	0	0	0	0	0	0	0	0	0	0	0	0	0	0	0	0	0	0	0	0	0	0	0	0	0	0	0	0	0	0	0	0	0	0	0	0	0	0	0	0	0	0	0	0	0	0	0	0	0	0	0	0	0	0	0	0	0	0	0	0	0	0	0	0	0	0	0.7033	0.2392	0.0137	0.9787	0.1263	0	0	0	0	0	0	0	0	0	0	0	0	0	0	0
"872"	"2066490"	0	0	0	0	0	0	0	0	0	0	0	0	0	0	0	0	0	0	0	0	0	0	0	0	0	0	0	0	0	0	0	0	0	0	0	0	0	0	0	0	0	0	0	0	0	0	0	0	0	0	0	0	0	0	0	0	0	0	0	0	0	0	0	0	0	0	0	0	0	0	0	0	0	0	0	0	0	0	0	0	0	0.1327	0	0.5004	0.245	0	0	0	0	0	0.1489	0.5966	0.0368	0.184	0.1712	0	0	0	0	0
"881"	"29"	0	0	0	0	0	0	0	0	0	0	0	0	0	0	0	0	0	0	0	0	0	0	0	0	0	0	0	0	0	0	0	0	0	0	0	0	0	0	0	0	0	0	0	0	0	0	0	0	0	0	0	0	0	0	0	0	0	0	0	0	0	0	0	0	0	0	0	0	0	0	0	0	0	0	0	0	0	0	0	0	0	0	0	0	0	2.0047	1.1087	3.3339	1.1273	0.7723	0.3662	0.3301	0.9097	0.6184	0.3403	0	0	0	0	0
"882"	"85011"	0	0	0	0	0	0	0	0	0	0	0	0	0	0	0	0	0	0	0	0	0	0	0	0	0	0	0	0	0	0	0	0	0	0	0	0	0	0	0	0	0	0	0	0	0	0	0	0	0	0	0	0	0	0	0	0	0	0	0	0	0	0	0	0	0	0	0	0	0	0	0	0	0	0	0	0	0	0	0	0	0	0	0	0	0	0.1506	1.0811	0.422	0.6143	0.2358	0.7845	0.1093	0.3911	0.2423	0.7819	0	0	0	0	0
"883"	"85013"	0	0	0	0	0	0	0	0	0	0	0	0	0	0	0	0	0	0	0	0	0	0	0	0	0	0	0	0	0	0	0	0	0	0	0	0	0	0	0	0	0	0	0	0	0	0	0	0	0	0	0	0	0	0	0	0	0	0	0	0	0	0	0	0	0	0	0	0	0	0	0	0	0	0	0	0	0	0	0	0	0	0	0	0	0	1.0408	0.3116	0.6078	0.4304	0.4816	0.1441	1.233	0.1023	0.4167	0.4303	0	0	0	0	0
"73"	"UNCLASSIFIED"	18.5927	21.0319	23.1791	24.6405	17.2824	23.9995	23.8876	22.6701	21.4353	27.4041	24.6313	29.315	20.9997	17.9765	23.022	24.0972	25.662	27.6862	24.8229	30.8076	21.3032	18.4181	22.2466	21.8068	17.1025	21.609	22.7016	22.8798	21.8935	21.5345	9.52359999999999	10.1703	10.4059	10.1667	8.94709999999999	18.6567	17.897	15.6192	17.3808	15.8977	20.4756	17.4788	21.9219	23.1241	16.4042	20.0755	19.4975	21.6423	22.7811	21.5322	24.547	24.1274	19.5597	25.4226	20.9615	21.7719	16.934	19.0705	19.5932	19.5286	17.2406	23.0976	23.7957	21.5107	21.6778	21.6319	22.5439	29.3339	23.2749	22.7424	11.8126	16.5717	27.0635	23.7227	10.7914	39.1795	7.03090000000003	15.8205	27.2	73.5757	21.9089	18.193	22.6734	19.1817	20.2163	29.1095	27.2091	17.2707	15.2071	20.5676	21.0502	17.9754	22.2887	16.878	20.2432	16.6788	23.8408	24.3923	22.3497	26.859
