Taxonomy	reERR5005154	reERR5005155	reERR5005156	reERR5005157	reERR5005158	reERR5005159	reERR5005160	reERR5005161	reERR5005162	reERR5005164	reERR5005165	reERR5005166	reERR5005168	reERR5005169	reERR5005170	reERR5005171	reERR5005283	reERR5005284	reERR5005285	reERR5005287	reERR5005288	reERR5005289	reERR5005290	reERR5005291	reERR5005292	reERR5005293	reERR5005301	reERR5005302	reERR5005303	reERR5005304	reERR5005305	reERR5005306	reERR5005307	reERR5005308	reERR5005309	reERR5005310	reERR5005311	reERR5005312	reERR5005313	reERR5005314	reERR5005315	reERR5005316	reERR5005317	reERR5005318	reERR5005319	reERR5005320	reERR5005321	reERR5005322	reERR5005323	reERR5005325	reERR5005326	reERR5005327	reERR5005328	reERR5005329	reERR5005330	reERR5005335
k__Bacteria	0.320803210798142	1.64049232451439	22.7663410504029	10.1803602787141	0.255214865918742	17.799378787591	2.1565296234524	1.83452748039172	0.077200640217109	6.7023028664306	0.0549037096684844	0.0147355407378257	0.0401087689320858	1.65141302232885	0.00101009256905684	0.831386005058361	0.214660135135392	8.06018747181954e-05	0.00024417848566778	5.43912925296859e-05	0.00810301623027602	0.000105422525086439	0.00178834855393526	0.015337538753347	0.00286671374354567	0.0105378099596601	0.00778663491202768	0.228174024181534	0.0142655747852694	0.0021914489772716	5.07662061521247	0.00199289606978477	0.00715247169664544	0.233232627254674	15.1650226994337	0.00550554597381111	0.00101896237712681	0.00150144858340018	0.103060219776694	48.5001717416989	0.521177811179329	36.9377321944404	0.00283445616465876	0.0028612580464099	0.981593281465139	0.00139569981278831	0.06690075293709	0.0884018943372491	0.000247774812773729	20.2292649353338	0.12754027298587	0.0055466363678897	52.1387069890383	3.26606896793226	0.00197987096751547	9.02337965734473e-05
k__Bacteria|p__Actinobacteria	0	0	0.000678399458180552	0	1.53226478717463e-05	17.7786762465588	0	2.24645580171895e-05	0	0	9.49680290559134e-06	0	1.08067098385036e-05	0.000141555243499283	0	0	0.000186468735491996	0	0	0	1.46017959562026e-05	6.92645109084853e-06	0	0	0	0	0	0	0	1.12530786339189e-05	0	1.42301597225923e-05	0	1.72511428573118e-05	0	0	0	0	6.94945227094516e-06	0	0	0	0	0	0	0.000271338936297282	0	0	0.000247774812773729	0	0	0	9.99820779037577e-06	0.00046054870827931	0	0
k__Bacteria|p__Actinobacteria|c__CFGB15787	0	0	0.000384019883300771	0	0	8.41287240036362	0	2.24645580171895e-05	0	0	9.49680290559134e-06	0	1.08067098385036e-05	0	0	0	5.86389961429398e-05	0	0	0	1.46017959562026e-05	0	0	0	0	0	0	0	0	1.12530786339189e-05	0	1.42301597225923e-05	0	0	0	0	0	0	0	0	0	0	0	0	0	0.00021393894186211	0	0	6.72751176421936e-05	0	0	0	9.99820779037577e-06	0.000271296861941736	0	0
k__Bacteria|p__Actinobacteria|c__CFGB15787|o__OFGB15787	0	0	0.000384019883300771	0	0	8.41287240036362	0	2.24645580171895e-05	0	0	9.49680290559134e-06	0	1.08067098385036e-05	0	0	0	5.86389961429398e-05	0	0	0	1.46017959562026e-05	0	0	0	0	0	0	0	0	1.12530786339189e-05	0	1.42301597225923e-05	0	0	0	0	0	0	0	0	0	0	0	0	0	0.00021393894186211	0	0	6.72751176421936e-05	0	0	0	9.99820779037577e-06	0.000271296861941736	0	0
k__Bacteria|p__Actinobacteria|c__CFGB15787|o__OFGB15787|f__FGB15787	0	0	0.000384019883300771	0	0	8.41287240036362	0	2.24645580171895e-05	0	0	9.49680290559134e-06	0	1.08067098385036e-05	0	0	0	5.86389961429398e-05	0	0	0	1.46017959562026e-05	0	0	0	0	0	0	0	0	1.12530786339189e-05	0	1.42301597225923e-05	0	0	0	0	0	0	0	0	0	0	0	0	0	0.00021393894186211	0	0	6.72751176421936e-05	0	0	0	9.99820779037577e-06	0.000271296861941736	0	0
k__Bacteria|p__Actinobacteria|c__CFGB15787|o__OFGB15787|f__FGB15787|g__GGB44931	0	0	0.000384019883300771	0	0	8.41287240036362	0	2.24645580171895e-05	0	0	9.49680290559134e-06	0	1.08067098385036e-05	0	0	0	5.86389961429398e-05	0	0	0	1.46017959562026e-05	0	0	0	0	0	0	0	0	1.12530786339189e-05	0	1.42301597225923e-05	0	0	0	0	0	0	0	0	0	0	0	0	0	0.00021393894186211	0	0	6.72751176421936e-05	0	0	0	9.99820779037577e-06	0.000271296861941736	0	0
k__Bacteria|p__Actinobacteria|c__CFGB15787|o__OFGB15787|f__FGB15787|g__GGB44931|s__GGB44931_SGB62420	0	0	0.000384019883300771	0	0	8.41287240036362	0	2.24645580171895e-05	0	0	9.49680290559134e-06	0	1.08067098385036e-05	0	0	0	5.86389961429398e-05	0	0	0	1.46017959562026e-05	0	0	0	0	0	0	0	0	1.12530786339189e-05	0	1.42301597225923e-05	0	0	0	0	0	0	0	0	0	0	0	0	0	0.00021393894186211	0	0	6.72751176421936e-05	0	0	0	9.99820779037577e-06	0.000271296861941736	0	0
k__Bacteria|p__Actinobacteria|c__CFGB15787|o__OFGB15787|f__FGB15787|g__GGB44931|s__GGB44931_SGB62420|t__SGB62420	0	0	0.000384019883300771	0	0	8.41287240036362	0	2.24645580171895e-05	0	0	9.49680290559134e-06	0	1.08067098385036e-05	0	0	0	5.86389961429398e-05	0	0	0	1.46017959562026e-05	0	0	0	0	0	0	0	0	1.12530786339189e-05	0	1.42301597225923e-05	0	0	0	0	0	0	0	0	0	0	0	0	0	0.00021393894186211	0	0	6.72751176421936e-05	0	0	0	9.99820779037577e-06	0.000271296861941736	0	0
k__Bacteria|p__Actinobacteria|c__CFGB32326	0	0	0.000294379574879781	0	1.53226478717463e-05	9.36580384619518	0	0	0	0	0	0	0	0.000141555243499283	0	0	0.000127829739349056	0	0	0	0	6.92645109084853e-06	0	0	0	0	0	0	0	0	0	0	0	1.72511428573118e-05	0	0	0	0	6.94945227094516e-06	0	0	0	0	0	0	5.73999944351714e-05	0	0	0.000180499695131535	0	0	0	0	0.000189251846337574	0	0
k__Bacteria|p__Actinobacteria|c__CFGB32326|o__OFGB32326	0	0	0.000294379574879781	0	1.53226478717463e-05	9.36580384619518	0	0	0	0	0	0	0	0.000141555243499283	0	0	0.000127829739349056	0	0	0	0	6.92645109084853e-06	0	0	0	0	0	0	0	0	0	0	0	1.72511428573118e-05	0	0	0	0	6.94945227094516e-06	0	0	0	0	0	0	5.73999944351714e-05	0	0	0.000180499695131535	0	0	0	0	0.000189251846337574	0	0
k__Bacteria|p__Actinobacteria|c__CFGB32326|o__OFGB32326|f__FGB32326	0	0	0.000294379574879781	0	1.53226478717463e-05	9.36580384619518	0	0	0	0	0	0	0	0.000141555243499283	0	0	0.000127829739349056	0	0	0	0	6.92645109084853e-06	0	0	0	0	0	0	0	0	0	0	0	1.72511428573118e-05	0	0	0	0	6.94945227094516e-06	0	0	0	0	0	0	5.73999944351714e-05	0	0	0.000180499695131535	0	0	0	0	0.000189251846337574	0	0
k__Bacteria|p__Actinobacteria|c__CFGB32326|o__OFGB32326|f__FGB32326|g__GGB44117	0	0	0.000294379574879781	0	1.53226478717463e-05	9.36580384619518	0	0	0	0	0	0	0	0.000141555243499283	0	0	0.000127829739349056	0	0	0	0	6.92645109084853e-06	0	0	0	0	0	0	0	0	0	0	0	1.72511428573118e-05	0	0	0	0	6.94945227094516e-06	0	0	0	0	0	0	5.73999944351714e-05	0	0	0.000180499695131535	0	0	0	0	0.000189251846337574	0	0
k__Bacteria|p__Actinobacteria|c__CFGB32326|o__OFGB32326|f__FGB32326|g__GGB44117|s__GGB44117_SGB61503	0	0	0.000294379574879781	0	1.53226478717463e-05	9.36580384619518	0	0	0	0	0	0	0	0.000141555243499283	0	0	0.000127829739349056	0	0	0	0	6.92645109084853e-06	0	0	0	0	0	0	0	0	0	0	0	1.72511428573118e-05	0	0	0	0	6.94945227094516e-06	0	0	0	0	0	0	5.73999944351714e-05	0	0	0.000180499695131535	0	0	0	0	0.000189251846337574	0	0
k__Bacteria|p__Actinobacteria|c__CFGB32326|o__OFGB32326|f__FGB32326|g__GGB44117|s__GGB44117_SGB61503|t__SGB61503	0	0	0.000294379574879781	0	1.53226478717463e-05	9.36580384619518	0	0	0	0	0	0	0	0.000141555243499283	0	0	0.000127829739349056	0	0	0	0	6.92645109084853e-06	0	0	0	0	0	0	0	0	0	0	0	1.72511428573118e-05	0	0	0	0	6.94945227094516e-06	0	0	0	0	0	0	5.73999944351714e-05	0	0	0.000180499695131535	0	0	0	0	0.000189251846337574	0	0
k__Bacteria|p__Bacteroidetes	2.81105827853946e-06	0	6.11009250166926e-06	0	3.53143939823103e-05	0	3.26969143448013e-05	0	1.83696412078057e-06	9.80078325892698e-06	9.78737250920132e-06	9.46618005494057e-06	6.21696051042406e-05	0.00016635189457921	9.36093243183542e-05	9.74942016817369e-05	0.000316465057270438	3.44218880237157e-06	5.57904075282686e-05	1.08865581794679e-05	1.03302944656491e-05	0	0.000351003191053394	6.88792627214184e-06	0.000116603595042954	0.000327726946281717	8.3366182819926e-06	0.0038920485514365	3.67774585759177e-05	0.000601928742010494	0.00020805986043846	0.00017848511100623	0.00352349749685967	0.00463277175387767	0.000113565640714066	0.000418617030138255	0	0.000834786009276669	0.0171808565408195	13.9692396034787	0.344257196560889	29.0691762346349	0	9.77460261033023e-06	0	0	2.89276403948784e-05	0	0	0	0	0.000115155461419464	0.000150432731419588	8.38792846855169e-06	0	2.79994144893832e-05
k__Bacteria|p__Bacteroidetes|c__Bacteroidia	0	0	0	0	0	0	3.26969143448013e-05	0	0	0	0	0	0	0	0	0	3.37942802527423e-05	0	0	4.51097015126762e-06	0	0	6.41488883618254e-05	0	0	5.24939080158312e-05	0	1.46133249904172e-05	0	9.40364077164639e-05	0	0	2.04712029819227e-05	1.48221952727801e-05	0	5.1882420537709e-05	0	0	0.00154349697570951	0.0195969312714314	0.0780970821387759	6.72686112993932	0	0	0	0	0	0	0	0	0	0	0	0	0	2.02424950702309e-05
k__Bacteria|p__Bacteroidetes|c__Bacteroidia|o__Bacteroidales	0	0	0	0	0	0	3.26969143448013e-05	0	0	0	0	0	0	0	0	0	3.37942802527423e-05	0	0	4.51097015126762e-06	0	0	6.41488883618254e-05	0	0	5.24939080158312e-05	0	1.46133249904172e-05	0	9.40364077164639e-05	0	0	2.04712029819227e-05	1.48221952727801e-05	0	5.1882420537709e-05	0	0	0.00154349697570951	0.0195969312714314	0.0780970821387759	6.72686112993932	0	0	0	0	0	0	0	0	0	0	0	0	0	2.02424950702309e-05
k__Bacteria|p__Bacteroidetes|c__Bacteroidia|o__Bacteroidales|f__Tannerellaceae	0	0	0	0	0	0	3.26969143448013e-05	0	0	0	0	0	0	0	0	0	3.37942802527423e-05	0	0	4.51097015126762e-06	0	0	6.41488883618254e-05	0	0	5.24939080158312e-05	0	1.46133249904172e-05	0	9.40364077164639e-05	0	0	2.04712029819227e-05	1.48221952727801e-05	0	5.1882420537709e-05	0	0	0.00154349697570951	0.0195969312714314	0.0780970821387759	6.72686112993932	0	0	0	0	0	0	0	0	0	0	0	0	0	2.02424950702309e-05
k__Bacteria|p__Bacteroidetes|c__CFGB11195	2.81105827853946e-06	0	0	0	3.53143939823103e-05	0	0	0	1.83696412078057e-06	9.80078325892698e-06	9.78737250920132e-06	0	0	5.43741708465105e-05	0	0	0.000249286736931701	0	1.25792184187501e-05	2.01670316916041e-06	0	0	7.26529912713661e-05	2.53459713518581e-06	4.29074189053908e-05	0.000251248455021242	8.3366182819926e-06	5.5531575597068e-05	0	0.000107275804334746	6.59424956085983e-06	1.09991653603059e-05	0.000600370343540863	0.000553313203008641	1.63549080283742e-05	0.000248321729045788	0	0	0.00565917499730449	12.8887557692052	0.254426922066571	0.377997427024304	0	0	0	0	0	0	0	0	0	0	0	8.38792846855169e-06	0	7.75691941915235e-06
k__Bacteria|p__Bacteroidetes|c__CFGB11195|o__OFGB11195	2.81105827853946e-06	0	0	0	3.53143939823103e-05	0	0	0	1.83696412078057e-06	9.80078325892698e-06	9.78737250920132e-06	0	0	5.43741708465105e-05	0	0	0.000249286736931701	0	1.25792184187501e-05	2.01670316916041e-06	0	0	7.26529912713661e-05	2.53459713518581e-06	4.29074189053908e-05	0.000251248455021242	8.3366182819926e-06	5.5531575597068e-05	0	0.000107275804334746	6.59424956085983e-06	1.09991653603059e-05	0.000600370343540863	0.000553313203008641	1.63549080283742e-05	0.000248321729045788	0	0	0.00565917499730449	12.8887557692052	0.254426922066571	0.377997427024304	0	0	0	0	0	0	0	0	0	0	0	8.38792846855169e-06	0	7.75691941915235e-06
k__Bacteria|p__Bacteroidetes|c__CFGB11195|o__OFGB11195|f__FGB11195	2.81105827853946e-06	0	0	0	3.53143939823103e-05	0	0	0	1.83696412078057e-06	9.80078325892698e-06	9.78737250920132e-06	0	0	5.43741708465105e-05	0	0	0.000249286736931701	0	1.25792184187501e-05	2.01670316916041e-06	0	0	7.26529912713661e-05	2.53459713518581e-06	4.29074189053908e-05	0.000251248455021242	8.3366182819926e-06	5.5531575597068e-05	0	0.000107275804334746	6.59424956085983e-06	1.09991653603059e-05	0.000600370343540863	0.000553313203008641	1.63549080283742e-05	0.000248321729045788	0	0	0.00565917499730449	12.8887557692052	0.254426922066571	0.377997427024304	0	0	0	0	0	0	0	0	0	0	0	8.38792846855169e-06	0	7.75691941915235e-06
k__Bacteria|p__Bacteroidetes|c__CFGB11276	0	0	6.11009250166926e-06	0	0	0	0	0	0	0	0	0	0	0.000111977723732699	0	0	2.04093259842388e-05	0	0	4.35888485903983e-06	1.03302944656491e-05	0	0.000141956751829097	0	0	9.75815668762292e-06	0	0.00380507207055714	3.67774585759177e-05	0.000390656913482647	0.0002014656108776	0.000167485945645924	0.00289636830629717	0.0040475641991911	9.72107326856921e-05	6.21700536608183e-05	0	1.29278919730282e-05	0.00905203485547009	1.03877812373738	0.0112665713566202	18.1844407611955	0	0	0	0	0	0	0	0	0	2.09234309014256e-06	0	0	0	0
k__Bacteria|p__Bacteroidetes|c__CFGB11276|o__OFGB11276	0	0	6.11009250166926e-06	0	0	0	0	0	0	0	0	0	0	0.000111977723732699	0	0	2.04093259842388e-05	0	0	4.35888485903983e-06	1.03302944656491e-05	0	0.000141956751829097	0	0	9.75815668762292e-06	0	0.00380507207055714	3.67774585759177e-05	0.000390656913482647	0.0002014656108776	0.000167485945645924	0.00289636830629717	0.0040475641991911	9.72107326856921e-05	6.21700536608183e-05	0	1.29278919730282e-05	0.00905203485547009	1.03877812373738	0.0112665713566202	18.1844407611955	0	0	0	0	0	0	0	0	0	2.09234309014256e-06	0	0	0	0
k__Bacteria|p__Bacteroidetes|c__CFGB11276|o__OFGB11276|f__FGB11276	0	0	6.11009250166926e-06	0	0	0	0	0	0	0	0	0	0	0.000111977723732699	0	0	2.04093259842388e-05	0	0	4.35888485903983e-06	1.03302944656491e-05	0	0.000141956751829097	0	0	9.75815668762292e-06	0	0.00380507207055714	3.67774585759177e-05	0.000390656913482647	0.0002014656108776	0.000167485945645924	0.00289636830629717	0.0040475641991911	9.72107326856921e-05	6.21700536608183e-05	0	1.29278919730282e-05	0.00905203485547009	1.03877812373738	0.0112665713566202	18.1844407611955	0	0	0	0	0	0	0	0	0	2.09234309014256e-06	0	0	0	0
k__Bacteria|p__Bacteroidetes|c__Flavobacteriia	0	0	0	0	0	0	0	0	0	0	0	9.46618005494057e-06	6.21696051042406e-05	0	9.36093243183542e-05	9.74942016817369e-05	1.2974714101756e-05	3.44218880237157e-06	4.32111891095185e-05	0	0	0	7.22445595911055e-05	4.35332913695603e-06	7.3696176137563e-05	1.42264265570211e-05	0	1.68315802918741e-05	0	9.95961647663753e-06	0	0	6.2876440397137e-06	1.70721564051463e-05	0	5.62428268939399e-05	0	0.000821858117303641	0.0009261497123354	0.0221087792646494	0.000466620998921865	3.77987691647573	0	9.77460261033023e-06	0	0	2.89276403948784e-05	0	0	0	0	0.000113063118329321	0.000150432731419588	0	0	0
k__Bacteria|p__Bacteroidetes|c__Flavobacteriia|o__Flavobacteriales	0	0	0	0	0	0	0	0	0	0	0	9.46618005494057e-06	6.21696051042406e-05	0	9.36093243183542e-05	9.74942016817369e-05	1.2974714101756e-05	3.44218880237157e-06	4.32111891095185e-05	0	0	0	7.22445595911055e-05	4.35332913695603e-06	7.3696176137563e-05	1.42264265570211e-05	0	1.68315802918741e-05	0	9.95961647663753e-06	0	0	6.2876440397137e-06	1.70721564051463e-05	0	5.62428268939399e-05	0	0.000821858117303641	0.0009261497123354	0.0221087792646494	0.000466620998921865	3.77987691647573	0	9.77460261033023e-06	0	0	2.89276403948784e-05	0	0	0	0	0.000113063118329321	0.000150432731419588	0	0	0
k__Bacteria|p__Bacteroidetes|c__Flavobacteriia|o__Flavobacteriales|f__Flavobacteriaceae	0	0	0	0	0	0	0	0	0	0	0	9.46618005494057e-06	6.21696051042406e-05	0	9.36093243183542e-05	9.74942016817369e-05	1.2974714101756e-05	3.44218880237157e-06	4.32111891095185e-05	0	0	0	7.22445595911055e-05	4.35332913695603e-06	7.3696176137563e-05	1.42264265570211e-05	0	1.68315802918741e-05	0	9.95961647663753e-06	0	0	6.2876440397137e-06	1.70721564051463e-05	0	5.62428268939399e-05	0	0.000821858117303641	0.0009261497123354	0.0221087792646494	0.000466620998921865	3.77987691647573	0	9.77460261033023e-06	0	0	2.89276403948784e-05	0	0	0	0	0.000113063118329321	0.000150432731419588	0	0	0
k__Bacteria|p__Bacteroidetes|c__Flavobacteriia|o__Flavobacteriales|f__Flavobacteriaceae|g__Myroides	0	0	0	0	0	0	0	0	0	0	0	9.46618005494057e-06	6.21696051042406e-05	0	9.36093243183542e-05	9.74942016817369e-05	1.2974714101756e-05	3.44218880237157e-06	4.32111891095185e-05	0	0	0	7.22445595911055e-05	4.35332913695603e-06	7.3696176137563e-05	1.42264265570211e-05	0	1.68315802918741e-05	0	9.95961647663753e-06	0	0	6.2876440397137e-06	1.70721564051463e-05	0	5.62428268939399e-05	0	0.000821858117303641	0.0009261497123354	0.0221087792646494	0.000466620998921865	3.77987691647573	0	9.77460261033023e-06	0	0	2.89276403948784e-05	0	0	0	0	0.000113063118329321	0.000150432731419588	0	0	0
k__Bacteria|p__Bacteroidetes|c__Flavobacteriia|o__Flavobacteriales|f__Flavobacteriaceae|g__Myroides|s__Myroides_odoratus	0	0	0	0	0	0	0	0	0	0	0	9.46618005494057e-06	6.21696051042406e-05	0	9.36093243183542e-05	9.74942016817369e-05	1.2974714101756e-05	3.44218880237157e-06	4.32111891095185e-05	0	0	0	7.22445595911055e-05	4.35332913695603e-06	7.3696176137563e-05	1.42264265570211e-05	0	1.68315802918741e-05	0	9.95961647663753e-06	0	0	6.2876440397137e-06	1.70721564051463e-05	0	5.62428268939399e-05	0	0.000821858117303641	0.0009261497123354	0.0221087792646494	0.000466620998921865	3.77987691647573	0	9.77460261033023e-06	0	0	2.89276403948784e-05	0	0	0	0	0.000113063118329321	0.000150432731419588	0	0	0
k__Bacteria|p__Bacteroidetes|c__Flavobacteriia|o__Flavobacteriales|f__Flavobacteriaceae|g__Myroides|s__Myroides_odoratus|t__SGB28080	0	0	0	0	0	0	0	0	0	0	0	9.46618005494057e-06	6.21696051042406e-05	0	9.36093243183542e-05	9.74942016817369e-05	1.2974714101756e-05	3.44218880237157e-06	4.32111891095185e-05	0	0	0	7.22445595911055e-05	4.35332913695603e-06	7.3696176137563e-05	1.42264265570211e-05	0	1.68315802918741e-05	0	9.95961647663753e-06	0	0	6.2876440397137e-06	1.70721564051463e-05	0	5.62428268939399e-05	0	0.000821858117303641	0.0009261497123354	0.0221087792646494	0.000466620998921865	3.77987691647573	0	9.77460261033023e-06	0	0	2.89276403948784e-05	0	0	0	0	0.000113063118329321	0.000150432731419588	0	0	0
k__Bacteria|p__Cyanobacteria	0	0	0	0	0	0	0	0	0	0	0	0	0	0.00038261054094844	1.82621344180378e-05	3.99420643297854e-05	0.00813281600599315	7.05109248591073e-06	6.63864131945944e-05	0	0	9.36077369234258e-06	0.000982103020081455	0.0140629010373526	0.00254118803216318	0.00988881092328737	0.00133455230793201	0	0	0	0	0	0	0	0	0	0	0	0	0	0	0	0	0	0	0	0	0	0	0	0	0	0	2.32741223713775	0	0
k__Bacteria|p__Cyanobacteria|c__Cyanobacteria_unclassified	0	0	0	0	0	0	0	0	0	0	0	0	0	0.00038261054094844	1.82621344180378e-05	3.99420643297854e-05	0.00813281600599315	7.05109248591073e-06	6.63864131945944e-05	0	0	9.36077369234258e-06	0.000982103020081455	0.0140629010373526	0.00254118803216318	0.00988881092328737	0.00133455230793201	0	0	0	0	0	0	0	0	0	0	0	0	0	0	0	0	0	0	0	0	0	0	0	0	0	0	2.32741223713775	0	0
k__Bacteria|p__Cyanobacteria|c__Cyanobacteria_unclassified|o__Synechococcales	0	0	0	0	0	0	0	0	0	0	0	0	0	0.00038261054094844	1.82621344180378e-05	3.99420643297854e-05	0.00813281600599315	7.05109248591073e-06	6.63864131945944e-05	0	0	9.36077369234258e-06	0.000982103020081455	0.0140629010373526	0.00254118803216318	0.00988881092328737	0.00133455230793201	0	0	0	0	0	0	0	0	0	0	0	0	0	0	0	0	0	0	0	0	0	0	0	0	0	0	2.32741223713775	0	0
k__Bacteria|p__Cyanobacteria|c__Cyanobacteria_unclassified|o__Synechococcales|f__Prochloraceae	0	0	0	0	0	0	0	0	0	0	0	0	0	0.00038261054094844	1.82621344180378e-05	3.99420643297854e-05	0.00813281600599315	7.05109248591073e-06	6.63864131945944e-05	0	0	9.36077369234258e-06	0.000982103020081455	0.0140629010373526	0.00254118803216318	0.00988881092328737	0.00133455230793201	0	0	0	0	0	0	0	0	0	0	0	0	0	0	0	0	0	0	0	0	0	0	0	0	0	0	2.32741223713775	0	0
k__Bacteria|p__Cyanobacteria|c__Cyanobacteria_unclassified|o__Synechococcales|f__Prochloraceae|g__Prochlorococcus	0	0	0	0	0	0	0	0	0	0	0	0	0	0.00038261054094844	1.82621344180378e-05	3.99420643297854e-05	0.00813281600599315	7.05109248591073e-06	6.63864131945944e-05	0	0	9.36077369234258e-06	0.000982103020081455	0.0140629010373526	0.00254118803216318	0.00988881092328737	0.00133455230793201	0	0	0	0	0	0	0	0	0	0	0	0	0	0	0	0	0	0	0	0	0	0	0	0	0	0	2.32741223713775	0	0
k__Bacteria|p__Cyanobacteria|c__Cyanobacteria_unclassified|o__Synechococcales|f__Prochloraceae|g__Prochlorococcus|s__Prochlorococcus_SGB53890	0	0	0	0	0	0	0	0	0	0	0	0	0	0.00038261054094844	1.82621344180378e-05	3.99420643297854e-05	0.00813281600599315	7.05109248591073e-06	6.63864131945944e-05	0	0	9.36077369234258e-06	0.000982103020081455	0.0140629010373526	0.00254118803216318	0.00988881092328737	0.00133455230793201	0	0	0	0	0	0	0	0	0	0	0	0	0	0	0	0	0	0	0	0	0	0	0	0	0	0	2.32741223713775	0	0
k__Bacteria|p__Cyanobacteria|c__Cyanobacteria_unclassified|o__Synechococcales|f__Prochloraceae|g__Prochlorococcus|s__Prochlorococcus_SGB53890|t__SGB53890	0	0	0	0	0	0	0	0	0	0	0	0	0	0.00038261054094844	1.82621344180378e-05	3.99420643297854e-05	0.00813281600599315	7.05109248591073e-06	6.63864131945944e-05	0	0	9.36077369234258e-06	0.000982103020081455	0.0140629010373526	0.00254118803216318	0.00988881092328737	0.00133455230793201	0	0	0	0	0	0	0	0	0	0	0	0	0	0	0	0	0	0	0	0	0	0	0	0	0	0	2.32741223713775	0	0
k__Bacteria|p__Firmicutes	0.273698539064097	1.64017564600887	13.5770151427074	10.1781602529278	0.224970484852561	0.00530538650824275	0.59842172387031	1.09688180047498	0.0771988032529882	6.70160177732741	0.0546658908661534	0.0144720694787782	0.0389190379004039	1.64013128615283	0.000709582708987705	0.710045900861972	0.205999795493431	7.01085934299131e-05	0.000113838125589334	4.35047343502181e-05	0.000420747868824228	8.91353003032478e-05	0.000201572130217587	0.00126774978972235	4.9878597100162e-05	8.10871071812926e-05	0.00581723682526025	0.205036857455923	0.0142287973266934	0.00141414440968682	5.07641255535203	0.00172827105326078	0.00360996822262851	0.00234369953109867	2.28511903786307	0.00013549738985221	0.000541584668741212	0.000264725705012448	0.00236358539178793	9.31928727631649	0.00254241167744019	3.04743994640635	0.00283445616465876	8.86194307289948e-05	0.981242595893686	0.00112436087649103	0.0656924543211515	0.0858551380841308	0	20.2292649353338	0.123835729396728	0.00383084525751796	52.1375342895158	0.937922443833385	0.000795516534790221	2.74484775686939e-05
k__Bacteria|p__Firmicutes|c__Bacilli	2.00895687508605e-05	0	0	0	0	0	0	0	0	0	0	0.0110219089694289	0.0302108987657609	1.46868133200524	0	0.689989016539917	0	3.52288788475127e-05	0	0	0.000347193014850351	5.84607213324488e-05	1.68041521843831e-05	5.15292239368117e-05	0	0	0.000421312615900652	1.16724451963602e-05	0	0	0	0	0	0	0	0	0.000541584668741212	0	0	0	0	0	0.0027799877541398	8.86194307289948e-05	0.977703829576463	0.00103001180232388	0.0656924543211515	0.0858551380841308	0	9.77983850093678	0.0180119497066455	0.00378542107869604	52.1373395754158	0.000290258277848606	0.000764522806777436	0
k__Bacteria|p__Firmicutes|c__Bacilli|o__Lactobacillales	2.00895687508605e-05	0	0	0	0	0	0	0	0	0	0	0.0110219089694289	0.0302108987657609	1.46868133200524	0	0.689989016539917	0	3.52288788475127e-05	0	0	0.000347193014850351	5.84607213324488e-05	1.68041521843831e-05	5.15292239368117e-05	0	0	0.000421312615900652	1.16724451963602e-05	0	0	0	0	0	0	0	0	0.000541584668741212	0	0	0	0	0	0.0027799877541398	8.86194307289948e-05	0.977703829576463	0.00103001180232388	0.0656924543211515	0.0858551380841308	0	9.77983850093678	0.0180119497066455	0.00378542107869604	52.1373395754158	0.000290258277848606	0.000764522806777436	0
k__Bacteria|p__Firmicutes|c__Bacilli|o__Lactobacillales|f__Enterococcaceae	0	0	0	0	0	0	0	0	0	0	0	0.00282166096058394	0.0214007359813463	0.0519719026041654	0	0.30163453886187	0	3.52288788475127e-05	0	0	0.000347193014850351	5.84607213324488e-05	1.68041521843831e-05	3.34154182602161e-05	0	0	0.000421312615900652	0	0	0	0	0	0	0	0	0	0.000541584668741212	0	0	0	0	0	0.00229094136449011	0	0.000226532558166589	0	0.0655970846770265	0.0858551380841308	0	0.00429797677221489	0.000107167609360409	0.00373517286379975	46.4776090875138	0	6.0297258639416e-06	0
k__Bacteria|p__Firmicutes|c__Bacilli|o__Lactobacillales|f__Enterococcaceae|g__Enterococcus	0	0	0	0	0	0	0	0	0	0	0	0.00282166096058394	0.0214007359813463	0.0519719026041654	0	0.30163453886187	0	3.52288788475127e-05	0	0	0.000347193014850351	5.84607213324488e-05	1.68041521843831e-05	3.34154182602161e-05	0	0	0.000421312615900652	0	0	0	0	0	0	0	0	0	0.000541584668741212	0	0	0	0	0	0.00229094136449011	0	0.000226532558166589	0	0.0655970846770265	0.0858551380841308	0	0.00429797677221489	0.000107167609360409	0.00373517286379975	46.4776090875138	0	6.0297258639416e-06	0
k__Bacteria|p__Firmicutes|c__Bacilli|o__Lactobacillales|f__Enterococcaceae|g__Enterococcus|s__Enterococcus_cecorum	0	0	0	0	0	0	0	0	0	0	0	0.00282166096058394	0.0214007359813463	0.0519719026041654	0	0.30163453886187	0	3.52288788475127e-05	0	0	0.000347193014850351	5.84607213324488e-05	1.68041521843831e-05	3.34154182602161e-05	0	0	0.000421312615900652	0	0	0	0	0	0	0	0	0	0.000541584668741212	0	0	0	0	0	0.00229094136449011	0	0.000226532558166589	0	0.0655970846770265	0.0858551380841308	0	0.00429797677221489	0.000107167609360409	0.00373517286379975	46.4776090875138	0	6.0297258639416e-06	0
k__Bacteria|p__Firmicutes|c__Bacilli|o__Lactobacillales|f__Enterococcaceae|g__Enterococcus|s__Enterococcus_cecorum|t__SGB7961	0	0	0	0	0	0	0	0	0	0	0	0.00282166096058394	0.0214007359813463	0.0519719026041654	0	0.30163453886187	0	3.52288788475127e-05	0	0	0.000347193014850351	5.84607213324488e-05	1.68041521843831e-05	3.34154182602161e-05	0	0	0.000421312615900652	0	0	0	0	0	0	0	0	0	0.000541584668741212	0	0	0	0	0	0.00229094136449011	0	0.000226532558166589	0	0.0655970846770265	0.0858551380841308	0	0.00429797677221489	0.000107167609360409	0.00373517286379975	46.4776090875138	0	6.0297258639416e-06	0
k__Bacteria|p__Firmicutes|c__Bacilli|o__Lactobacillales|f__Lactobacillaceae	2.00895687508605e-05	0	0	0	0	0	0	0	0	0	0	0.00820024800884498	0.00881016278441455	1.41670942940108	0	0.388354477678047	0	0	0	0	0	0	0	1.81138056765956e-05	0	0	0	1.16724451963602e-05	0	0	0	0	0	0	0	0	0	0	0	0	0	0	0.000489046389649697	8.86194307289948e-05	0.977477297018297	0.00103001180232388	9.53696441249385e-05	0	0	9.77554052416456	0.0179047820972851	5.02482148962865e-05	5.65973048790203	0.000290258277848606	0.000758493080913494	0
k__Bacteria|p__Firmicutes|c__Bacilli|o__Lactobacillales|f__Lactobacillaceae|g__Lactobacillus	2.00895687508605e-05	0	0	0	0	0	0	0	0	0	0	0.00820024800884498	0.00881016278441455	1.41670942940108	0	0.388354477678047	0	0	0	0	0	0	0	1.81138056765956e-05	0	0	0	1.16724451963602e-05	0	0	0	0	0	0	0	0	0	0	0	0	0	0	0.000489046389649697	8.86194307289948e-05	0.977477297018297	0.00103001180232388	9.53696441249385e-05	0	0	9.77554052416456	0.0179047820972851	5.02482148962865e-05	5.65973048790203	0.000290258277848606	0.000758493080913494	0
k__Bacteria|p__Firmicutes|c__Bacilli|o__Lactobacillales|f__Lactobacillaceae|g__Lactobacillus|s__Lactobacillus_salivarius	2.00895687508605e-05	0	0	0	0	0	0	0	0	0	0	0.00782834755845785	0.00850666002615305	1.37804297328414	0	0.380634986594287	0	0	0	0	0	0	0	1.81138056765956e-05	0	0	0	1.16724451963602e-05	0	0	0	0	0	0	0	0	0	0	0	0	0	0	0.000236797595090382	0	0.956785328573739	0	0	0	0	0	0.00113282012798485	0	5.65973048790203	0	0	0
k__Bacteria|p__Firmicutes|c__Bacilli|o__Lactobacillales|f__Lactobacillaceae|g__Lactobacillus|s__Lactobacillus_salivarius|t__SGB7082	2.00895687508605e-05	0	0	0	0	0	0	0	0	0	0	0.00782834755845785	0.00850666002615305	1.37804297328414	0	0.380634986594287	0	0	0	0	0	0	0	1.81138056765956e-05	0	0	0	1.16724451963602e-05	0	0	0	0	0	0	0	0	0	0	0	0	0	0	0.000236797595090382	0	0.956785328573739	0	0	0	0	0	0.00113282012798485	0	5.65973048790203	0	0	0
k__Bacteria|p__Firmicutes|c__CFGB10625	0.022553133763683	0.0956494701103891	1.23917659442744	0.661520078318871	0.0074493428575561	0.000408681987017628	0.016485192381209	0.0161589211312953	0.000174513798576289	0.000871016108720915	0.00435661982176956	0	0	0	0	0	0	0	0	2.47211902100434e-05	0	0	0	4.66044722219918e-05	2.19153567152493e-05	2.53834510109541e-05	0	0	0	0	0	0	0	0	0	0	0	0	0	0	0	0	0	0	0	0	0	0	0	0	0	0	0	0	0	7.9238351044607e-06
k__Bacteria|p__Firmicutes|c__CFGB10625|o__OFGB10625	0.022553133763683	0.0956494701103891	1.23917659442744	0.661520078318871	0.0074493428575561	0.000408681987017628	0.016485192381209	0.0161589211312953	0.000174513798576289	0.000871016108720915	0.00435661982176956	0	0	0	0	0	0	0	0	2.47211902100434e-05	0	0	0	4.66044722219918e-05	2.19153567152493e-05	2.53834510109541e-05	0	0	0	0	0	0	0	0	0	0	0	0	0	0	0	0	0	0	0	0	0	0	0	0	0	0	0	0	0	7.9238351044607e-06
k__Bacteria|p__Firmicutes|c__CFGB10625|o__OFGB10625|f__FGB10625	0.022553133763683	0.0956494701103891	1.23917659442744	0.661520078318871	0.0074493428575561	0.000408681987017628	0.016485192381209	0.0161589211312953	0.000174513798576289	0.000871016108720915	0.00435661982176956	0	0	0	0	0	0	0	0	2.47211902100434e-05	0	0	0	4.66044722219918e-05	2.19153567152493e-05	2.53834510109541e-05	0	0	0	0	0	0	0	0	0	0	0	0	0	0	0	0	0	0	0	0	0	0	0	0	0	0	0	0	0	7.9238351044607e-06
k__Bacteria|p__Firmicutes|c__CFGB11327	0	0	0	0	0	0	0	0	0	0	9.5678086864751e-06	0.00218743217228286	0.00867734510597533	0.169775072290073	0.000700233201080348	0.00297424936852739	0.205249756708378	0	0	7.88584682223743e-06	7.35548539738769e-05	0	0	0.00111993737744263	2.79632403849127e-05	2.15922728413866e-05	0.00529723985477591	0.204025251701675	0	0.0013264542430861	0	0.00169171359714996	0	0	0.000575568439263725	0	0	0	0	0	0	0	0	0	0	0	0	0	0	0	0.105798740682497	4.54241788219176e-05	2.01459249595712e-05	0.937287107597971	0	0
k__Bacteria|p__Firmicutes|c__CFGB11327|o__OFGB11327	0	0	0	0	0	0	0	0	0	0	9.5678086864751e-06	0.00218743217228286	0.00867734510597533	0.169775072290073	0.000700233201080348	0.00297424936852739	0.205249756708378	0	0	7.88584682223743e-06	7.35548539738769e-05	0	0	0.00111993737744263	2.79632403849127e-05	2.15922728413866e-05	0.00529723985477591	0.204025251701675	0	0.0013264542430861	0	0.00169171359714996	0	0	0.000575568439263725	0	0	0	0	0	0	0	0	0	0	0	0	0	0	0	0.105798740682497	4.54241788219176e-05	2.01459249595712e-05	0.937287107597971	0	0
k__Bacteria|p__Firmicutes|c__CFGB11327|o__OFGB11327|f__FGB11327	0	0	0	0	0	0	0	0	0	0	9.5678086864751e-06	0.00218743217228286	0.00867734510597533	0.169775072290073	0.000700233201080348	0.00297424936852739	0.205249756708378	0	0	7.88584682223743e-06	7.35548539738769e-05	0	0	0.00111993737744263	2.79632403849127e-05	2.15922728413866e-05	0.00529723985477591	0.204025251701675	0	0.0013264542430861	0	0.00169171359714996	0	0	0.000575568439263725	0	0	0	0	0	0	0	0	0	0	0	0	0	0	0	0.105798740682497	4.54241788219176e-05	2.01459249595712e-05	0.937287107597971	0	0
k__Bacteria|p__Firmicutes|c__CFGB11327|o__OFGB11327|f__FGB11327|g__GGB33347	0	0	0	0	0	0	0	0	0	0	9.5678086864751e-06	0.00218743217228286	0.00867734510597533	0.169775072290073	0.000700233201080348	0.00297424936852739	0.205249756708378	0	0	7.88584682223743e-06	7.35548539738769e-05	0	0	0.00111993737744263	2.79632403849127e-05	2.15922728413866e-05	0.00529723985477591	0.204025251701675	0	0.0013264542430861	0	0.00169171359714996	0	0	0.000575568439263725	0	0	0	0	0	0	0	0	0	0	0	0	0	0	0	0.105798740682497	4.54241788219176e-05	2.01459249595712e-05	0.937287107597971	0	0
k__Bacteria|p__Firmicutes|c__CFGB11327|o__OFGB11327|f__FGB11327|g__GGB33347|s__GGB33347_SGB48620	0	0	0	0	0	0	0	0	0	0	9.5678086864751e-06	0.00218743217228286	0.00867734510597533	0.169775072290073	0.000700233201080348	0.00297424936852739	0.205249756708378	0	0	7.88584682223743e-06	7.35548539738769e-05	0	0	0.00111993737744263	2.79632403849127e-05	2.15922728413866e-05	0.00529723985477591	0.204025251701675	0	0.0013264542430861	0	0.00169171359714996	0	0	0.000575568439263725	0	0	0	0	0	0	0	0	0	0	0	0	0	0	0	0.105798740682497	4.54241788219176e-05	2.01459249595712e-05	0.937287107597971	0	0
k__Bacteria|p__Firmicutes|c__CFGB11327|o__OFGB11327|f__FGB11327|g__GGB33347|s__GGB33347_SGB48620|t__SGB48620	0	0	0	0	0	0	0	0	0	0	9.5678086864751e-06	0.00218743217228286	0.00867734510597533	0.169775072290073	0.000700233201080348	0.00297424936852739	0.205249756708378	0	0	7.88584682223743e-06	7.35548539738769e-05	0	0	0.00111993737744263	2.79632403849127e-05	2.15922728413866e-05	0.00529723985477591	0.204025251701675	0	0.0013264542430861	0	0.00169171359714996	0	0	0.000575568439263725	0	0	0	0	0	0	0	0	0	0	0	0	0	0	0	0.105798740682497	4.54241788219176e-05	2.01459249595712e-05	0.937287107597971	0	0
k__Bacteria|p__Firmicutes|c__CFGB11875	0.0668526169496713	0.081889191780553	0.407918643697656	6.2030766493751	0.0311320305427838	0.00196885608835928	0.0287151225818209	0.0529517127896034	0.000414533132827182	0.000580030180116091	0.0301173560016622	0	0	0	0	0	2.35159183473898e-05	5.50896279116132e-06	0	0	0	0	0.000136644125835425	3.4835869863742e-05	0	7.58943984515721e-06	2.29159376489153e-05	0	0	0	0	0	0	0	0	0	0	0	0	0	0	0	0	0	0	0	0	0	0	0	0	0	0	0	0	1.42149630896833e-05
k__Bacteria|p__Firmicutes|c__CFGB11875|o__OFGB11875	0.0668526169496713	0.081889191780553	0.407918643697656	6.2030766493751	0.0311320305427838	0.00196885608835928	0.0287151225818209	0.0529517127896034	0.000414533132827182	0.000580030180116091	0.0301173560016622	0	0	0	0	0	2.35159183473898e-05	5.50896279116132e-06	0	0	0	0	0.000136644125835425	3.4835869863742e-05	0	7.58943984515721e-06	2.29159376489153e-05	0	0	0	0	0	0	0	0	0	0	0	0	0	0	0	0	0	0	0	0	0	0	0	0	0	0	0	0	1.42149630896833e-05
k__Bacteria|p__Firmicutes|c__CFGB11875|o__OFGB11875|f__FGB11875	0.0668526169496713	0.081889191780553	0.407918643697656	6.2030766493751	0.0311320305427838	0.00196885608835928	0.0287151225818209	0.0529517127896034	0.000414533132827182	0.000580030180116091	0.0301173560016622	0	0	0	0	0	2.35159183473898e-05	5.50896279116132e-06	0	0	0	0	0.000136644125835425	3.4835869863742e-05	0	7.58943984515721e-06	2.29159376489153e-05	0	0	0	0	0	0	0	0	0	0	0	0	0	0	0	0	0	0	0	0	0	0	0	0	0	0	0	0	1.42149630896833e-05
k__Bacteria|p__Firmicutes|c__CFGB1199	0.00371535642461353	0.0605570423224735	0.229444510023163	0.162767831135296	0.00764653316566493	0.000500732825474469	0.0358958726322584	0.0327512441658759	1.37949026415982e-05	0.000294400634914639	0.00135973980822561	0	0	0	0	0	1.41821870039262e-05	0	0	0	0	0	0	0	0	0	0	0	0	0	0	0	0	0	0	0	0	0	0	0	0	0	0	0	0	0	0	0	0	0	0	0	0	0	0	0
k__Bacteria|p__Firmicutes|c__CFGB1199|o__OFGB1199	0.00371535642461353	0.0605570423224735	0.229444510023163	0.162767831135296	0.00764653316566493	0.000500732825474469	0.0358958726322584	0.0327512441658759	1.37949026415982e-05	0.000294400634914639	0.00135973980822561	0	0	0	0	0	1.41821870039262e-05	0	0	0	0	0	0	0	0	0	0	0	0	0	0	0	0	0	0	0	0	0	0	0	0	0	0	0	0	0	0	0	0	0	0	0	0	0	0	0
k__Bacteria|p__Firmicutes|c__CFGB1199|o__OFGB1199|f__FGB1199	0.00371535642461353	0.0605570423224735	0.229444510023163	0.162767831135296	0.00764653316566493	0.000500732825474469	0.0358958726322584	0.0327512441658759	1.37949026415982e-05	0.000294400634914639	0.00135973980822561	0	0	0	0	0	1.41821870039262e-05	0	0	0	0	0	0	0	0	0	0	0	0	0	0	0	0	0	0	0	0	0	0	0	0	0	0	0	0	0	0	0	0	0	0	0	0	0	0	0
k__Bacteria|p__Firmicutes|c__CFGB12838	0.0192526274777156	0.821754353913011	0.532643313889932	0.0261897677473271	0.13722933131923	0.000489545557135748	0.406822407795915	0.886690972493081	0.000467217814647682	0.000873748991920459	0.00738462482433737	0	0	0	0	0	0	5.25495630461054e-06	0	0	0	0	0	0	0	0	0	0	0	0	0	0	0	0	0	0	0	0	0	0	0	0	0	0	7.50910890080815e-05	0	0	0	0	0	0	0	0	0	0	0
k__Bacteria|p__Firmicutes|c__CFGB12838|o__OFGB12838	0.0192526274777156	0.821754353913011	0.532643313889932	0.0261897677473271	0.13722933131923	0.000489545557135748	0.406822407795915	0.886690972493081	0.000467217814647682	0.000873748991920459	0.00738462482433737	0	0	0	0	0	0	5.25495630461054e-06	0	0	0	0	0	0	0	0	0	0	0	0	0	0	0	0	0	0	0	0	0	0	0	0	0	0	7.50910890080815e-05	0	0	0	0	0	0	0	0	0	0	0
k__Bacteria|p__Firmicutes|c__CFGB12838|o__OFGB12838|f__FGB12838	0.0192526274777156	0.821754353913011	0.532643313889932	0.0261897677473271	0.13722933131923	0.000489545557135748	0.406822407795915	0.886690972493081	0.000467217814647682	0.000873748991920459	0.00738462482433737	0	0	0	0	0	0	5.25495630461054e-06	0	0	0	0	0	0	0	0	0	0	0	0	0	0	0	0	0	0	0	0	0	0	0	0	0	0	7.50910890080815e-05	0	0	0	0	0	0	0	0	0	0	0
k__Bacteria|p__Firmicutes|c__CFGB13227	0.00477795634222166	0.0185833373028188	0.0241985221635114	0.627907274405317	0.00282016973229886	0.000518098532926825	0.00842387324886719	0.0096316950407622	4.16305106553555e-05	3.17302730456173e-05	0.000736719388485942	0	0	0	0	0	0	0	0	0	0	0	0	0	0	8.93871379157049e-06	0	0	0	0	0	0	0	0	0	0	0	0	0	0	0	0	0	0	0	0	0	0	0	0	0	0	0	0	0	0
k__Bacteria|p__Firmicutes|c__CFGB13227|o__OFGB13227	0.00477795634222166	0.0185833373028188	0.0241985221635114	0.627907274405317	0.00282016973229886	0.000518098532926825	0.00842387324886719	0.0096316950407622	4.16305106553555e-05	3.17302730456173e-05	0.000736719388485942	0	0	0	0	0	0	0	0	0	0	0	0	0	0	8.93871379157049e-06	0	0	0	0	0	0	0	0	0	0	0	0	0	0	0	0	0	0	0	0	0	0	0	0	0	0	0	0	0	0
k__Bacteria|p__Firmicutes|c__CFGB13227|o__OFGB13227|f__FGB13227	0.00477795634222166	0.0185833373028188	0.0241985221635114	0.627907274405317	0.00282016973229886	0.000518098532926825	0.00842387324886719	0.0096316950407622	4.16305106553555e-05	3.17302730456173e-05	0.000736719388485942	0	0	0	0	0	0	0	0	0	0	0	0	0	0	8.93871379157049e-06	0	0	0	0	0	0	0	0	0	0	0	0	0	0	0	0	0	0	0	0	0	0	0	0	0	0	0	0	0	0
k__Bacteria|p__Firmicutes|c__CFGB14427	0.0041568782246747	0.121626685285846	0.440292887628939	0.0986439483806783	0.00899977584763848	0.000309744377865654	0.010864609350395	0.0250496967945737	0	0	0.000369406747059687	0	0	0	0	0	0	0	0	0	0	0	0	0	0	0	0	0	0	0	0	0	0	0	0	0	0	0	0	0	0	0	0	0	0	0	0	0	0	0	0	0	0	0	0	0
k__Bacteria|p__Firmicutes|c__CFGB14427|o__OFGB14427	0.0041568782246747	0.121626685285846	0.440292887628939	0.0986439483806783	0.00899977584763848	0.000309744377865654	0.010864609350395	0.0250496967945737	0	0	0.000369406747059687	0	0	0	0	0	0	0	0	0	0	0	0	0	0	0	0	0	0	0	0	0	0	0	0	0	0	0	0	0	0	0	0	0	0	0	0	0	0	0	0	0	0	0	0	0
k__Bacteria|p__Firmicutes|c__CFGB14427|o__OFGB14427|f__FGB14427	0.0041568782246747	0.121626685285846	0.440292887628939	0.0986439483806783	0.00899977584763848	0.000309744377865654	0.010864609350395	0.0250496967945737	0	0	0.000369406747059687	0	0	0	0	0	0	0	0	0	0	0	0	0	0	0	0	0	0	0	0	0	0	0	0	0	0	0	0	0	0	0	0	0	0	0	0	0	0	0	0	0	0	0	0	0
k__Bacteria|p__Firmicutes|c__CFGB15182	0.00174085407243652	0	0	0.00135598108911379	0.00158663059376548	0	0	0.000210848335620137	0.0141197408577362	3.56208562037511	0.000570465910919547	0	0	0	0	0	0	0	0	0	0	0	0	0	0	0	0	0	0	0	0	0	0	0	0	0	0	0	0	0	0	0	0	0	0	0	0	0	0	0	0	0	0	0	0	0
k__Bacteria|p__Firmicutes|c__CFGB15182|o__OFGB15182	0.00174085407243652	0	0	0.00135598108911379	0.00158663059376548	0	0	0.000210848335620137	0.0141197408577362	3.56208562037511	0.000570465910919547	0	0	0	0	0	0	0	0	0	0	0	0	0	0	0	0	0	0	0	0	0	0	0	0	0	0	0	0	0	0	0	0	0	0	0	0	0	0	0	0	0	0	0	0	0
k__Bacteria|p__Firmicutes|c__CFGB15182|o__OFGB15182|f__FGB15182	0.00174085407243652	0	0	0.00135598108911379	0.00158663059376548	0	0	0.000210848335620137	0.0141197408577362	3.56208562037511	0.000570465910919547	0	0	0	0	0	0	0	0	0	0	0	0	0	0	0	0	0	0	0	0	0	0	0	0	0	0	0	0	0	0	0	0	0	0	0	0	0	0	0	0	0	0	0	0	0
k__Bacteria|p__Firmicutes|c__CFGB15422	0	0	0	0	0	0	0	0	0	0	0	0	0	0	0	0	0	0	0	0	0	0	0	0	0	0	0	0.000266076539964976	0.0107529373925602	0	1.41766994296585	0	0.00141994524714619	0	0	0	0	0	0	0	0	0	0	0	0	0	0	0	0	0	0	0	0	0	0	0
k__Bacteria|p__Firmicutes|c__CFGB15422|o__OFGB15422	0	0	0	0	0	0	0	0	0	0	0	0	0	0	0	0	0	0	0	0	0	0	0	0	0	0	0	0.000266076539964976	0.0107529373925602	0	1.41766994296585	0	0.00141994524714619	0	0	0	0	0	0	0	0	0	0	0	0	0	0	0	0	0	0	0	0	0	0	0
k__Bacteria|p__Firmicutes|c__CFGB15422|o__OFGB15422|f__FGB15422	0	0	0	0	0	0	0	0	0	0	0	0	0	0	0	0	0	0	0	0	0	0	0	0	0	0	0	0.000266076539964976	0.0107529373925602	0	1.41766994296585	0	0.00141994524714619	0	0	0	0	0	0	0	0	0	0	0	0	0	0	0	0	0	0	0	0	0	0	0
k__Bacteria|p__Firmicutes|c__CFGB1838	0.00287423188708253	0.0443834325774591	5.27464719846983	0.52290222235962	0.00210433467957522	0.000534724232132182	0.008205756131549	0.00928321363133328	0	9.82454773254024e-05	0.00496278367524577	0	0	0	0	0	0	0	0	0	0	0	0	0	0	0	0	0	0	0	0	0	0	0	0	0	0	0	0	0	0	0	0	0	0	0	0	0	0	0	0	0	0	0	0	0
k__Bacteria|p__Firmicutes|c__CFGB1838|o__OFGB1838	0.00287423188708253	0.0443834325774591	5.27464719846983	0.52290222235962	0.00210433467957522	0.000534724232132182	0.008205756131549	0.00928321363133328	0	9.82454773254024e-05	0.00496278367524577	0	0	0	0	0	0	0	0	0	0	0	0	0	0	0	0	0	0	0	0	0	0	0	0	0	0	0	0	0	0	0	0	0	0	0	0	0	0	0	0	0	0	0	0	0
k__Bacteria|p__Firmicutes|c__CFGB1838|o__OFGB1838|f__FGB1838	0.00287423188708253	0.0443834325774591	5.27464719846983	0.52290222235962	0.00210433467957522	0.000534724232132182	0.008205756131549	0.00928321363133328	0	9.82454773254024e-05	0.00496278367524577	0	0	0	0	0	0	0	0	0	0	0	0	0	0	0	0	0	0	0	0	0	0	0	0	0	0	0	0	0	0	0	0	0	0	0	0	0	0	0	0	0	0	0	0	0
k__Bacteria|p__Firmicutes|c__CFGB20168	0	3.07689228014687e-06	0	2.3902220573313e-05	0	0	0	0	0	0	0	0	0	0	0	0	0	3.08859937532015e-06	4.84655474151172e-06	0	0	1.64012483662372e-05	1.76791185995298e-05	3.90614531187299e-06	0	0	6.42390894533479e-06	0	0	0	0	0	1.12835260168852e-05	0	0	1.26163590947699e-05	0	0	1.23417849065241e-05	9.29915226959709	0.000637694995579782	0.00215994983755926	5.44684105189577e-05	0	0	3.3979578885489e-05	0	0	0	0	0	0	0	0	0	0
k__Bacteria|p__Firmicutes|c__CFGB20168|o__OFGB20168	0	3.07689228014687e-06	0	2.3902220573313e-05	0	0	0	0	0	0	0	0	0	0	0	0	0	3.08859937532015e-06	4.84655474151172e-06	0	0	1.64012483662372e-05	1.76791185995298e-05	3.90614531187299e-06	0	0	6.42390894533479e-06	0	0	0	0	0	1.12835260168852e-05	0	0	1.26163590947699e-05	0	0	1.23417849065241e-05	9.29915226959709	0.000637694995579782	0.00215994983755926	5.44684105189577e-05	0	0	3.3979578885489e-05	0	0	0	0	0	0	0	0	0	0
k__Bacteria|p__Firmicutes|c__CFGB20168|o__OFGB20168|f__FGB20168	0	3.07689228014687e-06	0	2.3902220573313e-05	0	0	0	0	0	0	0	0	0	0	0	0	0	3.08859937532015e-06	4.84655474151172e-06	0	0	1.64012483662372e-05	1.76791185995298e-05	3.90614531187299e-06	0	0	6.42390894533479e-06	0	0	0	0	0	1.12835260168852e-05	0	0	1.26163590947699e-05	0	0	1.23417849065241e-05	9.29915226959709	0.000637694995579782	0.00215994983755926	5.44684105189577e-05	0	0	3.3979578885489e-05	0	0	0	0	0	0	0	0	0	0
k__Bacteria|p__Firmicutes|c__CFGB30384	0.0836190105079677	0.092970976102192	0.113384509726416	1.47415364226421	0.0016698107295797	0	0.000103677745663762	0.00383835323678376	0.00014331779161901	0.000451836062256461	0.000390476941780097	0	0	0	0	0	0	0	0	0	0	0	0	0	0	0	0	0	0	0	0	0	0	0	0	0	0	0	0	0	0	0	0	0	0	0	0	0	0	0	0	0	0	0	0	0
k__Bacteria|p__Firmicutes|c__CFGB30384|o__OFGB30384	0.0836190105079677	0.092970976102192	0.113384509726416	1.47415364226421	0.0016698107295797	0	0.000103677745663762	0.00383835323678376	0.00014331779161901	0.000451836062256461	0.000390476941780097	0	0	0	0	0	0	0	0	0	0	0	0	0	0	0	0	0	0	0	0	0	0	0	0	0	0	0	0	0	0	0	0	0	0	0	0	0	0	0	0	0	0	0	0	0
k__Bacteria|p__Firmicutes|c__CFGB30384|o__OFGB30384|f__FGB30384	0.0836190105079677	0.092970976102192	0.113384509726416	1.47415364226421	0.0016698107295797	0	0.000103677745663762	0.00383835323678376	0.00014331779161901	0.000451836062256461	0.000390476941780097	0	0	0	0	0	0	0	0	0	0	0	0	0	0	0	0	0	0	0	0	0	0	0	0	0	0	0	0	0	0	0	0	0	0	0	0	0	0	0	0	0	0	0	0	0
k__Bacteria|p__Firmicutes|c__CFGB31928	0.00565240358726691	0.0161270925419783	0.0607464787723913	0.296937891272002	0.00830473267623464	0.000345260376489751	0.00252299381279275	0.00284714003850006	9.51172568957232e-05	0.000888091016491623	0.00193212230237626	0	0	0	0	0	0	0	0	0	0	0	0	1.0936700945298e-05	0	1.19135009766478e-05	1.79861130156634e-05	0	0	2.50211604746731e-05	0	1.58203422184394e-05	0	0	0	0	0	0	0	6.94287921600121e-05	0	0	0	0	0	0	0	0	0	0	0	0	0	1.20645425838554e-05	0	0
k__Bacteria|p__Firmicutes|c__CFGB31928|o__OFGB31928	0.00565240358726691	0.0161270925419783	0.0607464787723913	0.296937891272002	0.00830473267623464	0.000345260376489751	0.00252299381279275	0.00284714003850006	9.51172568957232e-05	0.000888091016491623	0.00193212230237626	0	0	0	0	0	0	0	0	0	0	0	0	1.0936700945298e-05	0	1.19135009766478e-05	1.79861130156634e-05	0	0	2.50211604746731e-05	0	1.58203422184394e-05	0	0	0	0	0	0	0	6.94287921600121e-05	0	0	0	0	0	0	0	0	0	0	0	0	0	1.20645425838554e-05	0	0
k__Bacteria|p__Firmicutes|c__CFGB31928|o__OFGB31928|f__FGB31928	0.00565240358726691	0.0161270925419783	0.0607464787723913	0.296937891272002	0.00830473267623464	0.000345260376489751	0.00252299381279275	0.00284714003850006	9.51172568957232e-05	0.000888091016491623	0.00193212230237626	0	0	0	0	0	0	0	0	0	0	0	0	1.0936700945298e-05	0	1.19135009766478e-05	1.79861130156634e-05	0	0	2.50211604746731e-05	0	1.58203422184394e-05	0	0	0	0	0	0	0	6.94287921600121e-05	0	0	0	0	0	0	0	0	0	0	0	0	0	1.20645425838554e-05	0	0
k__Bacteria|p__Firmicutes|c__CFGB32409	0.0237728810451467	0.00137550857913778	0.0011880498689746	0.00235077975516341	0.0141519537784072	0	0.00433049677522865	0.0062406724560922	0.0614757661800692	3.1354270582075	0.00227578044905065	0	0	0	0	0	0	1.38074217472107e-05	0	0	0	0	0	0	0	0	0	0	9.01769232010141e-06	0	0	0	0	0	0	0	0	0	0	0	0	3.68547428438794e-05	0	0	0	0	0	0	0	0	0	0	0	0	0	0
k__Bacteria|p__Firmicutes|c__CFGB32409|o__OFGB32409	0.0237728810451467	0.00137550857913778	0.0011880498689746	0.00235077975516341	0.0141519537784072	0	0.00433049677522865	0.0062406724560922	0.0614757661800692	3.1354270582075	0.00227578044905065	0	0	0	0	0	0	1.38074217472107e-05	0	0	0	0	0	0	0	0	0	0	9.01769232010141e-06	0	0	0	0	0	0	0	0	0	0	0	0	3.68547428438794e-05	0	0	0	0	0	0	0	0	0	0	0	0	0	0
k__Bacteria|p__Firmicutes|c__CFGB32409|o__OFGB32409|f__FGB32409	0.0237728810451467	0.00137550857913778	0.0011880498689746	0.00235077975516341	0.0141519537784072	0	0.00433049677522865	0.0062406724560922	0.0614757661800692	3.1354270582075	0.00227578044905065	0	0	0	0	0	0	1.38074217472107e-05	0	0	0	0	0	0	0	0	0	0	9.01769232010141e-06	0	0	0	0	0	0	0	0	0	0	0	0	3.68547428438794e-05	0	0	0	0	0	0	0	0	0	0	0	0	0	0
k__Bacteria|p__Firmicutes|c__CFGB4593	0.0347104992128661	0.285255478600734	5.25337443403915	0.100330284604497	0.00187583892982659	0.000229742530841212	0.0760517214146103	0.0512273303614632	0.000253171007319988	0	0.000200227186554247	0	0	0	0	0	0	0	0	0	0	0	0	0	0	0	0	0	0	0	0	0	0	0	0	0	0	0	0	0	0	0	0	0	0.000123340224485879	0	0	0	0	0	0	0	0	0	0	0
k__Bacteria|p__Firmicutes|c__CFGB4593|o__OFGB4593	0.0347104992128661	0.285255478600734	5.25337443403915	0.100330284604497	0.00187583892982659	0.000229742530841212	0.0760517214146103	0.0512273303614632	0.000253171007319988	0	0.000200227186554247	0	0	0	0	0	0	0	0	0	0	0	0	0	0	0	0	0	0	0	0	0	0	0	0	0	0	0	0	0	0	0	0	0	0.000123340224485879	0	0	0	0	0	0	0	0	0	0	0
k__Bacteria|p__Firmicutes|c__CFGB4593|o__OFGB4593|f__FGB4593	0.0347104992128661	0.285255478600734	5.25337443403915	0.100330284604497	0.00187583892982659	0.000229742530841212	0.0760517214146103	0.0512273303614632	0.000253171007319988	0	0.000200227186554247	0	0	0	0	0	0	0	0	0	0	0	0	0	0	0	0	0	0	0	0	0	0	0	0	0	0	0	0	0	0	0	0	0	0.000123340224485879	0	0	0	0	0	0	0	0	0	0	0
k__Bacteria|p__Firmicutes|c__CFGB8089	0	0	0	0	0	0	0	0	0	0	0	3.47457545237307e-05	2.50763141915594e-05	0	9.34950790735695e-06	4.08975903625632e-05	0.000285743285197652	7.21977436409767e-06	5.66454684226168e-06	1.08976973179373e-05	0	0	6.8876553055432e-06	0	0	0	0	7.64902239718521e-05	0	6.26690061260421e-05	0	1.32080887349599e-05	0	0.000226782565820484	0	0.00012288103075744	0	0	0.00235124360688141	0.0194181799424962	0.00190471668186041	3.04524314182595	0	0	0	0	0	0	0	0	0	0	0	0	0	0
k__Bacteria|p__Firmicutes|c__CFGB8089|o__OFGB8089	0	0	0	0	0	0	0	0	0	0	0	3.47457545237307e-05	2.50763141915594e-05	0	9.34950790735695e-06	4.08975903625632e-05	0.000285743285197652	7.21977436409767e-06	5.66454684226168e-06	1.08976973179373e-05	0	0	6.8876553055432e-06	0	0	0	0	7.64902239718521e-05	0	6.26690061260421e-05	0	1.32080887349599e-05	0	0.000226782565820484	0	0.00012288103075744	0	0	0.00235124360688141	0.0194181799424962	0.00190471668186041	3.04524314182595	0	0	0	0	0	0	0	0	0	0	0	0	0	0
k__Bacteria|p__Firmicutes|c__CFGB8089|o__OFGB8089|f__FGB8089	0	0	0	0	0	0	0	0	0	0	0	3.47457545237307e-05	2.50763141915594e-05	0	9.34950790735695e-06	4.08975903625632e-05	0.000285743285197652	7.21977436409767e-06	5.66454684226168e-06	1.08976973179373e-05	0	0	6.8876553055432e-06	0	0	0	0	7.64902239718521e-05	0	6.26690061260421e-05	0	1.32080887349599e-05	0	0.000226782565820484	0	0.00012288103075744	0	0	0.00235124360688141	0.0194181799424962	0.00190471668186041	3.04524314182595	0	0	0	0	0	0	0	0	0	0	0	0	0	0
k__Bacteria|p__Firmicutes|c__CFGB8449	0	0	0	0	0	0	0	0	0	0	0	0	0	0	0	0	0	0	0	0	0	0	0	0	0	0	0	0.000596031740538515	0.00346684224181314	0	3.65868954783379	0	0.00198234769485277	1.95016420946133e-05	0	0	0	0	0	0	0	0	0	0	0	0	0	0	0	0	0	0	0	0	0	0
k__Bacteria|p__Firmicutes|c__CFGB8449|o__OFGB8449	0	0	0	0	0	0	0	0	0	0	0	0	0	0	0	0	0	0	0	0	0	0	0	0	0	0	0	0.000596031740538515	0.00346684224181314	0	3.65868954783379	0	0.00198234769485277	1.95016420946133e-05	0	0	0	0	0	0	0	0	0	0	0	0	0	0	0	0	0	0	0	0	0	0
k__Bacteria|p__Firmicutes|c__CFGB8449|o__OFGB8449|f__FGB8449	0	0	0	0	0	0	0	0	0	0	0	0	0	0	0	0	0	0	0	0	0	0	0	0	0	0	0	0.000596031740538515	0.00346684224181314	0	3.65868954783379	0	0.00198234769485277	1.95016420946133e-05	0	0	0	0	0	0	0	0	0	0	0	0	0	0	0	0	0	0	0	0	0	0
k__Bacteria|p__Firmicutes|c__Clostridia	0	0	0	0	0	0	0	0	0	0	0	0.00122798258254266	5.71771447609677e-06	0.00167488185751431	0	0.0170417373631656	0.000426597394503985	0	0.00010332702400556	0	0	1.42733306045619e-05	2.35570782927051e-05	0	0	5.66972871557648e-06	5.13583949737692e-05	6.13348045755207e-05	0	0	5.30645523823494e-05	7.52902515742031e-06	0.000196391754612673	0.00209741532318358	2.2845434694238	0	0	0.000264725705012448	0	0.000647397984747571	0	0	0	0	0.00334033500372864	6.0369495281656e-05	0	0	0	10.449426434397	2.50390075861864e-05	0	0.000174568175049386	0.00033301341498183	3.09937280127847e-05	5.30967937454992e-06
k__Bacteria|p__Firmicutes|c__Clostridia|o__Clostridiales	0	0	0	0	0	0	0	0	0	0	0	0.00122798258254266	5.71771447609677e-06	0.00167488185751431	0	0.0170417373631656	0.000426597394503985	0	0.00010332702400556	0	0	1.42733306045619e-05	2.35570782927051e-05	0	0	5.66972871557648e-06	5.13583949737692e-05	6.13348045755207e-05	0	0	5.30645523823494e-05	7.52902515742031e-06	0.000196391754612673	0.00209741532318358	2.2845434694238	0	0	0.000264725705012448	0	0.000647397984747571	0	0	0	0	0.00334033500372864	6.0369495281656e-05	0	0	0	10.449426434397	2.50390075861864e-05	0	0.000174568175049386	0.00033301341498183	3.09937280127847e-05	5.30967937454992e-06
k__Bacteria|p__Firmicutes|c__Clostridia|o__Clostridiales|f__Clostridiales_unclassified	0	0	0	0	0	0	0	0	0	0	0	0.00122798258254266	5.71771447609677e-06	0.00167488185751431	0	0.0170417373631656	0.000426597394503985	0	0.00010332702400556	0	0	0	2.35570782927051e-05	0	0	5.66972871557648e-06	5.13583949737692e-05	0	0	0	0	7.52902515742031e-06	0	0	0	0	0	0	0	0	0	0	0	0	0.00334033500372864	6.0369495281656e-05	0	0	0	10.449426434397	2.50390075861864e-05	0	0.000174568175049386	0.00033301341498183	3.09937280127847e-05	5.30967937454992e-06
k__Bacteria|p__Firmicutes|c__Clostridia|o__Clostridiales|f__Clostridiales_unclassified|g__Clostridiales_unclassified	0	0	0	0	0	0	0	0	0	0	0	0.00122798258254266	5.71771447609677e-06	0.00167488185751431	0	0.0170417373631656	0.000426597394503985	0	0.00010332702400556	0	0	0	2.35570782927051e-05	0	0	5.66972871557648e-06	5.13583949737692e-05	0	0	0	0	7.52902515742031e-06	0	0	0	0	0	0	0	0	0	0	0	0	0.00334033500372864	6.0369495281656e-05	0	0	0	10.449426434397	2.50390075861864e-05	0	0.000174568175049386	0.00033301341498183	3.09937280127847e-05	5.30967937454992e-06
k__Bacteria|p__Firmicutes|c__Clostridia|o__Clostridiales|f__Lachnospiraceae	0	0	0	0	0	0	0	0	0	0	0	0	0	0	0	0	0	0	0	0	0	1.42733306045619e-05	0	0	0	0	0	6.13348045755207e-05	0	0	5.30645523823494e-05	0	0.000196391754612673	0.00209741532318358	2.2845434694238	0	0	0.000264725705012448	0	0.000647397984747571	0	0	0	0	0	0	0	0	0	0	0	0	0	0	0	0
k__Bacteria|p__Fusobacteria	0.000280600643922542	0.000283149399034886	0	0.00220002578629923	0.030193744024327	0.0153971545239472	1.55807520266774	0.737623215358723	0	0	0.000218534626916174	0	0	0.000428498315931088	0	0	0	0	0	0	0	0	0	0	0	0	0	0	0	0	0	0	0	0.0271894739207942	12.8797152096829	0	0	0	0.0827015412927992	0	0	0	0	0	0.000350685571452971	0	0	0	0	0	0	0.00149524385412129	0	0	0	0
k__Bacteria|p__Fusobacteria|c__CFGB14686	0	5.2389292816177e-05	0	0	0.030193744024327	0.0153971545239472	1.55807520266774	0.737623215358723	0	0	0	0	0	0	0	0	0	0	0	0	0	0	0	0	0	0	0	0	0	0	0	0	0	0	0	0	0	0	0	0	0	0	0	0	0.000350685571452971	0	0	0	0	0	0	0	0	0	0	0
k__Bacteria|p__Fusobacteria|c__CFGB14686|o__OFGB14686	0	5.2389292816177e-05	0	0	0.030193744024327	0.0153971545239472	1.55807520266774	0.737623215358723	0	0	0	0	0	0	0	0	0	0	0	0	0	0	0	0	0	0	0	0	0	0	0	0	0	0	0	0	0	0	0	0	0	0	0	0	0.000350685571452971	0	0	0	0	0	0	0	0	0	0	0
k__Bacteria|p__Fusobacteria|c__CFGB14686|o__OFGB14686|f__FGB14686	0	5.2389292816177e-05	0	0	0.030193744024327	0.0153971545239472	1.55807520266774	0.737623215358723	0	0	0	0	0	0	0	0	0	0	0	0	0	0	0	0	0	0	0	0	0	0	0	0	0	0	0	0	0	0	0	0	0	0	0	0	0.000350685571452971	0	0	0	0	0	0	0	0	0	0	0
k__Bacteria|p__Fusobacteria|c__Fusobacteriia	0.000280600643922542	0.000230760106218709	0	0.00220002578629923	0	0	0	0	0	0	0.000218534626916174	0	0	0.000428498315931088	0	0	0	0	0	0	0	0	0	0	0	0	0	0	0	0	0	0	0	0.0271894739207942	12.8797152096829	0	0	0	0.0827015412927992	0	0	0	0	0	0	0	0	0	0	0	0	0.00149524385412129	0	0	0	0
k__Bacteria|p__Fusobacteria|c__Fusobacteriia|o__Fusobacteriales	0.000280600643922542	0.000230760106218709	0	0.00220002578629923	0	0	0	0	0	0	0.000218534626916174	0	0	0.000428498315931088	0	0	0	0	0	0	0	0	0	0	0	0	0	0	0	0	0	0	0	0.0271894739207942	12.8797152096829	0	0	0	0.0827015412927992	0	0	0	0	0	0	0	0	0	0	0	0	0.00149524385412129	0	0	0	0
k__Bacteria|p__Fusobacteria|c__Fusobacteriia|o__Fusobacteriales|f__Fusobacteriaceae	0.000280600643922542	0.000230760106218709	0	0.00220002578629923	0	0	0	0	0	0	0.000218534626916174	0	0	0.000428498315931088	0	0	0	0	0	0	0	0	0	0	0	0	0	0	0	0	0	0	0	0.0271894739207942	12.8797152096829	0	0	0	0.0827015412927992	0	0	0	0	0	0	0	0	0	0	0	0	0.00149524385412129	0	0	0	0
k__Bacteria|p__Fusobacteria|c__Fusobacteriia|o__Fusobacteriales|f__Fusobacteriaceae|g__Cetobacterium	0.000280600643922542	0.000230760106218709	0	0.00220002578629923	0	0	0	0	0	0	0.000218534626916174	0	0	0.000428498315931088	0	0	0	0	0	0	0	0	0	0	0	0	0	0	0	0	0	0	0	0.0271894739207942	12.8797152096829	0	0	0	0.0827015412927992	0	0	0	0	0	0	0	0	0	0	0	0	0.00149524385412129	0	0	0	0
k__Bacteria|p__Proteobacteria	0.0468212600318436	3.35291064853709e-05	9.1886413981448	0	0	0	0	0	0	0.000691288319935402	0	0.000254005078992574	0.0011167547167392	0.0101627201810621	0.00018863840133274	0.121202667930377	2.45898432058675e-05	0	8.1635393555835e-06	0	0.00765733627102994	0	0.000253670212582821	0	0.000159043519239373	0.000240184982909672	0.000626509160553433	0.0192451181741747	0	0.000164122746940368	0	7.19097457951672e-05	1.90059771572622e-05	0.199049430906047	7.48862470387434e-05	0.00495143155382064	0.000477377708385597	0.000401936869111064	0.000807287099016415	25.2116448619037	0.174378202941	4.82111601339912	0	0.00276286401307058	0	0	0.00117937097554364	0.00254675625311837	0	0	0.00370454358914203	0.000105391794831	0.00101226858330312	0.000265350324385795	0.00118435443272525	3.47859045153701e-05
k__Bacteria|p__Proteobacteria|c__Gammaproteobacteria	0.0468212600318436	3.35291064853709e-05	9.1886413981448	0	0	0	0	0	0	0.000691288319935402	0	0.000254005078992574	0.0011167547167392	0.0101627201810621	0.00018863840133274	0.121202667930377	2.45898432058675e-05	0	8.1635393555835e-06	0	0.00765733627102994	0	0.000253670212582821	0	0.000159043519239373	0.000240184982909672	0.000626509160553433	0.0192451181741747	0	0.000164122746940368	0	7.19097457951672e-05	1.90059771572622e-05	0.199049430906047	7.48862470387434e-05	0.00495143155382064	0.000477377708385597	0.000401936869111064	0.000807287099016415	25.2116448619037	0.174378202941	4.82111601339912	0	0.00276286401307058	0	0	0.00117937097554364	0.00254675625311837	0	0	0.00370454358914203	0.000105391794831	0.00101226858330312	0.000265350324385795	0.00118435443272525	3.47859045153701e-05
k__Bacteria|p__Proteobacteria|c__Gammaproteobacteria|o__Enterobacterales	0.0468212600318436	3.35291064853709e-05	9.1886413981448	0	0	0	0	0	0	0.000691288319935402	0	7.2102132994113e-06	7.28514338478376e-06	0	0	0.00173103830480121	9.88259843248119e-06	0	0	0	0.00134357247582649	0	7.0034793135422e-05	0	0.000159043519239373	1.08360045307817e-05	0.000550766111310792	0.00678009089380963	0	0.000164122746940368	0	6.71509912468143e-05	0	0.198898916719792	7.48862470387434e-05	0.00494434788652243	3.95994131880752e-05	0.000269959931191975	0	25.1289853510362	0.147481458947568	1.37837335568456	0	0.000849748741086164	0	0	0.00116446625448153	0.000235828682283237	0	0	0.000159515450833234	8.02622682603245e-05	0.000383684271365248	0.000254463291203706	0.00117723089579174	3.47859045153701e-05
k__Bacteria|p__Proteobacteria|c__Gammaproteobacteria|o__Enterobacterales|f__Enterobacteriaceae	0	0	0	0	0	0	0	0	0	0	0	7.2102132994113e-06	7.28514338478376e-06	0	0	0.00155944992547437	9.88259843248119e-06	0	0	0	0.00129934601764924	0	7.0034793135422e-05	0	0.000159043519239373	1.08360045307817e-05	0.000550766111310792	0.00676911928754438	0	0.000125169901643719	0	6.71509912468143e-05	0	0.000762874583227747	7.48862470387434e-05	0.00494434788652243	3.95994131880752e-05	0.000269959931191975	0	25.1282287457213	0.147481458947568	1.37837335568456	0	0.000811519499607886	0	0	0.000327500097501459	0.000232925706422316	0	0	0.000159515450833234	3.79932681733787e-05	0.000370705868277569	0.000245072274721488	8.97504801430032e-06	3.04436310690949e-05
k__Bacteria|p__Proteobacteria|c__Gammaproteobacteria|o__Enterobacterales|f__Enterobacteriaceae|g__Citrobacter	0	0	0	0	0	0	0	0	0	0	0	7.2102132994113e-06	7.28514338478376e-06	0	0	0.00155944992547437	9.88259843248119e-06	0	0	0	0.00129934601764924	0	7.0034793135422e-05	0	0.000159043519239373	1.08360045307817e-05	0.000550766111310792	0.00676911928754438	0	0.000125169901643719	0	6.71509912468143e-05	0	0.000762874583227747	7.48862470387434e-05	0.00494434788652243	3.95994131880752e-05	0.000269959931191975	0	25.1282287457213	0.147481458947568	1.37837335568456	0	0.000811519499607886	0	0	0.000327500097501459	0.000232925706422316	0	0	0.000159515450833234	3.79932681733787e-05	0.000370705868277569	0.000245072274721488	8.97504801430032e-06	3.04436310690949e-05
k__Bacteria|p__Proteobacteria|c__Gammaproteobacteria|o__Enterobacterales|f__Hafniaceae	0.0468212600318436	3.35291064853709e-05	9.1886413981448	0	0	0	0	0	0	0.000691288319935402	0	0	0	0	0	0.000171588379326831	0	0	0	0	4.42264581772475e-05	0	0	0	0	0	0	1.09716062652519e-05	0	3.89528452966488e-05	0	0	0	0.198136042136564	0	0	0	0	0	0.000756605314935629	0	0	0	3.82292414782781e-05	0	0	0.000836966156980071	2.90297586092066e-06	0	0	0	4.22690000869458e-05	1.29784030876788e-05	9.39101648221795e-06	0.00116825584777743	4.34227344627524e-06
k__Bacteria|p__Proteobacteria|c__Gammaproteobacteria|o__Enterobacterales|f__Hafniaceae|g__Edwardsiella	0.0468212600318436	3.35291064853709e-05	9.1886413981448	0	0	0	0	0	0	0.000691288319935402	0	0	0	0	0	0.000171588379326831	0	0	0	0	4.42264581772475e-05	0	0	0	0	0	0	1.09716062652519e-05	0	3.89528452966488e-05	0	0	0	0.198136042136564	0	0	0	0	0	0.000756605314935629	0	0	0	3.82292414782781e-05	0	0	0.000836966156980071	2.90297586092066e-06	0	0	0	4.22690000869458e-05	1.29784030876788e-05	9.39101648221795e-06	0.00116825584777743	4.34227344627524e-06
k__Bacteria|p__Proteobacteria|c__Gammaproteobacteria|o__Enterobacterales|f__Hafniaceae|g__Edwardsiella|s__Edwardsiella_tarda	0.0468212600318436	3.35291064853709e-05	9.1886413981448	0	0	0	0	0	0	0.000691288319935402	0	0	0	0	0	0.000171588379326831	0	0	0	0	4.42264581772475e-05	0	0	0	0	0	0	1.09716062652519e-05	0	3.89528452966488e-05	0	0	0	0.198136042136564	0	0	0	0	0	0.000756605314935629	0	0	0	3.82292414782781e-05	0	0	0.000836966156980071	2.90297586092066e-06	0	0	0	4.22690000869458e-05	1.29784030876788e-05	9.39101648221795e-06	0.00116825584777743	4.34227344627524e-06
k__Bacteria|p__Proteobacteria|c__Gammaproteobacteria|o__Enterobacterales|f__Hafniaceae|g__Edwardsiella|s__Edwardsiella_tarda|t__SGB10233	0.0468212600318436	3.35291064853709e-05	9.1886413981448	0	0	0	0	0	0	0.000691288319935402	0	0	0	0	0	0.000171588379326831	0	0	0	0	4.42264581772475e-05	0	0	0	0	0	0	1.09716062652519e-05	0	3.89528452966488e-05	0	0	0	0.198136042136564	0	0	0	0	0	0.000756605314935629	0	0	0	3.82292414782781e-05	0	0	0.000836966156980071	2.90297586092066e-06	0	0	0	4.22690000869458e-05	1.29784030876788e-05	9.39101648221795e-06	0.00116825584777743	4.34227344627524e-06
k__Bacteria|p__Proteobacteria|c__Gammaproteobacteria|o__Pseudomonadales	0	0	0	0	0	0	0	0	0	0	0	0.000246794865693162	0.00110946957335442	0.0101627201810621	0.00018863840133274	0.119471629625576	1.47072447733863e-05	0	8.1635393555835e-06	0	0.00631376379520345	0	0.000183635419447399	0	0	0.00022934897837889	7.57430492426411e-05	0.012465027280365	0	0	0	4.75875454835292e-06	1.90059771572622e-05	0.000150514186254554	0	7.08366729821234e-06	0.000437778295197522	0.000131976937919089	0.000807287099016415	0.0826595108674804	0.0268967439934317	3.44274265771456	0	0.00191311527198441	0	0	1.49047210621072e-05	0.00231092757083514	0	0	0.00354502813830879	2.51295265706754e-05	0.000628584311937874	1.08870331820893e-05	7.12353693351852e-06	0
k__Bacteria|p__Proteobacteria|c__Gammaproteobacteria|o__Pseudomonadales|f__Pseudomonadaceae	0	0	0	0	0	0	0	0	0	0	0	0.000246794865693162	0.00110946957335442	0.0101627201810621	0.00018863840133274	0.119471629625576	1.47072447733863e-05	0	8.1635393555835e-06	0	0.00631376379520345	0	0.000183635419447399	0	0	0.00022934897837889	7.57430492426411e-05	0.012465027280365	0	0	0	4.75875454835292e-06	1.90059771572622e-05	0.000150514186254554	0	7.08366729821234e-06	0.000437778295197522	0.000131976937919089	0.000807287099016415	0.0826595108674804	0.0268967439934317	3.44274265771456	0	0.00191311527198441	0	0	1.49047210621072e-05	0.00231092757083514	0	0	0.00354502813830879	2.51295265706754e-05	0.000628584311937874	1.08870331820893e-05	7.12353693351852e-06	0
k__Bacteria|p__Proteobacteria|c__Gammaproteobacteria|o__Pseudomonadales|f__Pseudomonadaceae|g__Pseudomonas	0	0	0	0	0	0	0	0	0	0	0	0.000246794865693162	0.00110946957335442	0.0101627201810621	0.00018863840133274	0.119471629625576	1.47072447733863e-05	0	8.1635393555835e-06	0	0.00631376379520345	0	0.000183635419447399	0	0	0.00022934897837889	7.57430492426411e-05	0.012465027280365	0	0	0	4.75875454835292e-06	1.90059771572622e-05	0.000150514186254554	0	7.08366729821234e-06	0.000437778295197522	0.000131976937919089	0.000807287099016415	0.0826595108674804	0.0268967439934317	3.44274265771456	0	0.00191311527198441	0	0	1.49047210621072e-05	0.00231092757083514	0	0	0.00354502813830879	2.51295265706754e-05	0.000628584311937874	1.08870331820893e-05	7.12353693351852e-06	0
k__Bacteria|p__Proteobacteria|c__Gammaproteobacteria|o__Pseudomonadales|f__Pseudomonadaceae|g__Pseudomonas|s__Pseudomonas_entomophila	0	0	0	0	0	0	0	0	0	0	0	0.000246794865693162	0.00110946957335442	0.0101627201810621	0.00018863840133274	0.119471629625576	1.47072447733863e-05	0	8.1635393555835e-06	0	0.00631376379520345	0	0.000183635419447399	0	0	0.00022934897837889	7.57430492426411e-05	0.012465027280365	0	0	0	4.75875454835292e-06	1.90059771572622e-05	0.000150514186254554	0	7.08366729821234e-06	0.000437778295197522	0.000131976937919089	0.000807287099016415	0.0826595108674804	0.0268967439934317	3.44274265771456	0	0.00191311527198441	0	0	1.49047210621072e-05	0.00231092757083514	0	0	0.00354502813830879	2.51295265706754e-05	0.000628584311937874	1.08870331820893e-05	7.12353693351852e-06	0
k__Bacteria|p__Proteobacteria|c__Gammaproteobacteria|o__Pseudomonadales|f__Pseudomonadaceae|g__Pseudomonas|s__Pseudomonas_entomophila|t__SGB33091	0	0	0	0	0	0	0	0	0	0	0	0.000246794865693162	0.00110946957335442	0.0101627201810621	0.00018863840133274	0.119471629625576	1.47072447733863e-05	0	8.1635393555835e-06	0	0.00631376379520345	0	0.000183635419447399	0	0	0.00022934897837889	7.57430492426411e-05	0.012465027280365	0	0	0	4.75875454835292e-06	1.90059771572622e-05	0.000150514186254554	0	7.08366729821234e-06	0.000437778295197522	0.000131976937919089	0.000807287099016415	0.0826595108674804	0.0268967439934317	3.44274265771456	0	0.00191311527198441	0	0	1.49047210621072e-05	0.00231092757083514	0	0	0.00354502813830879	2.51295265706754e-05	0.000628584311937874	1.08870331820893e-05	7.12353693351852e-06	0
sgb_01	0.00480785436108033	0.00251360865901211	9.26698876234435	0.0213685840499837	0.00288016047104754	0.00114043240902286	0.0684754137816866	0.0345103416977016	0.000244364243675604	0	0.00355718544390876	0	0	0	0	0	0	0	0	0	0	0	0	0	0	0	0	0	0	0	0	0	0	0	0	0	0	0	0	0.000152887212261074	0	0	0	0	0	0	0	0	0	0	0	0	0	0	0	0
sgb_02	0	0	0	0	0	0	0	0	0	0	0	0	0	0	0	0	0	0	0	0	0	0	0	0	0	0	0	0.000140533546726214	0.00507503634065925	0	1.97764982081332	0	0.000305144837479972	0	0	0	0	0	0	0	0	0	0	0	0	0	0	0	0	0	0	0	0	0	0	0
sgb_03	0	0	0	0	0	0	0	0	0	0	0	0	0	0	0	0	0	0	0	0	0	0	0	0	0	0	0	0	0	0	1.48123529286425e-05	0	0	0.0338480528488442	12.1498940381314	0	0	0.00270053013331777	0	0	0	0	0	0	0	0	0	0	0	0	0	0	0	0	0	0
sgb_04	0	0	0	0	0	0	0	0	0	0	0	0	0	0	0	0	0	0	0	0	0	0	0	0	0	0	0	0	0	0	0	0	0	0.066022473165538	0.904879106854569	0	0	0.0130422631793361	0	5.84019159379856e-05	0	0	0	0	0	0	0	0	0	0	0	0	0	0	0	0
sgb_05	0	0	1.57741021746456e-05	0	0	0	0	0	0	0	0	0	0	0	0	0	0	0	0	0	0	0	0	0	0	0	0	0	0	0	0	2.04582630002681e-05	0	4.62194583594623e-05	0	0	0	0	5.21333446161375e-05	0.00772130921292367	0	5.78149824610299	0	0	0	0	0	0	0	0.000214011670671317	0	0	0	0	0	0
sgb_06	0	0	0	0	0	0	0	0	0	0	0	0	0	0	0	0	0	0	0	0	0	0	0	0	0	0	0	1.77698828080691e-05	0	0.00124075002554902	0	6.64830156885451e-06	1.32763169930642e-05	0	0	4.94818086680353e-06	0	0	0.00227503119042738	0.00294683501078829	0.000242527266127891	3.05253642683776	0	2.06390059482257e-05	0	0	0	0	0	0	0	0	0	0	0	0
sgb_07	0.0110353051123331	0.099707065020553	1.16963133954335	0.294253432715224	0.0059991093177725	0.00233273322848217	0.0168170007239035	0.0212614489710787	0.00105667254642774	0.000758284643512258	0.000518549614766306	0	0	0	0	0	0	0	0	0.000108543945363014	0	0	9.00412631127916e-05	0	0	0	0.000126196139669235	0	0	9.75312286514972e-06	0	0	0	0	0	1.83589131257102e-05	0	0	0	0	0	3.59895613806631e-05	0	0	0	0	0	0	0	3.22545379545552e-05	4.10166776712197e-05	0	0	0.00173999833113146	0	0
sgb_08	0.00586136691495453	0.00609213178256195	1.82919698290234	0.297624835687885	0.00593664966397865	0.000452139068815082	0.180398999233033	0.105869770727603	3.11404311713379e-05	8.30720135051222e-05	0.00273762532573857	0	0	0	0	0	0	0	0	0	0	0	0	0	0	2.34021608242772e-05	0.000211984995957729	0	0	0	0	0	0	0	0	0	0	0	0	0	0	0	0	0	0	0	0	0	0	0	0	0	0	0	0	0
sgb_09	0.288033266769001	0.337985246461069	0.000555736440239185	3.78738101766107	0.00345188877960278	0	0.000957882079537483	0.00240842738611983	1.80561512622822e-05	0.000224782284544173	0.0024932726406005	0	0	0	0	0	0	0	0	0	0	0	0	0	0	0	0	0	0	0	0	0	0	0	0	0	0	0	0	0	0	0	0	0	0	0	0	0	0	0	0	0	0	0	0	0
sgb_10	0.00648478710128887	0.141568120840887	0.0381270821088068	0.317382447863971	0.00153606363837403	0	0.00108998232059018	0.00474744478274475	0.000136975006800369	0.000319727137307606	0.00389989493302448	0	0	0	0	0	0	0	0	0	0	0	0	0	0	0	0	0	0	0	0	0	0	0	0	0	0	0	0	0	0	0	0	0	0	0	0	0	0	0	0	0	0	0	0	0
sgb_11	0.0047330212532203	0.0245527482401853	0.0314100718685051	0.258490516614431	0.000567527104484892	0.000197829400922773	0.00758961218734062	0.00446480676441842	0	0	9.07442005655596e-05	0	0	0	0	0	0	0	0	0	0	0	0	0	0	0	0	0	0	0	0	0	0	0	0	0	0	0	0	0	0	0	0	0	0	0	0	0	0	0	0	0	0	0	0	0
sgb_12	0.000175470642363497	0.00440343980084982	0.000658788111365979	0.00238805252935594	0.129421572976891	0.016870774993243	1.43925217585982	0.850511038423789	0.00068035258296907	0	0.00178191725284579	0	0	0	0	0	0	0	0	0	0	0	0	0	0	0	0	0	0	0	0	0	0	0	0	0	0	0	0	0	0	0	0	0	0.000238349788130015	0	0	0	0	0	0	0	0	0	0	0
sgb_13	0.00258337850056964	7.19533216588326e-05	2.91088022320606e-05	0.00159701413790509	0.00253027051104469	0	0.000150518112522319	8.93980006294241e-05	0.0538326223734576	4.79970870272836	0.00566889759069775	0	0	0	0	0	4.86155515323671e-05	0	0	0	0	0	9.84350744824144e-06	0	0	0	0	0	0	0	0	0	0	0	0	0	0	0	0	0	0	0	0	0	0	0	0	0	0	0	0	0	0	0	0	0
sgb_14	0.0010347289438907	8.54537514777508e-06	0	0	0.00214130105047206	0	0	0.000173413505339951	0.0103863221361408	2.98431836921299	0.00150808880330794	0	0	0	0.000188840207964335	0	0	0	0	0	0	0	0	0	0	0	0	0	0	0	0	0	0	0	0	0	0	0	0	0	0	0	0	0	0	0	0	0	0	0	0	0	0	0	0	0
UNKNOWN	99.3544476096031	97.7426048159837	64.8970453033737	84.8391538200262	99.5903205905676	82.1796273033085	96.1287387922491	97.1414364293488	99.856412854311	85.5122841955491	99.9228401145261	99.9852644592622	99.959891231068	98.3485869776711	99.998801067223	99.1686139949416	99.7852912493131	99.9999193981253	99.9997558215143	99.9998370647621	99.9918969837698	99.9998945774749	99.9981117666755	99.9846624612467	99.9971332862566	99.9894387878795	99.9918751839523	99.7716676723889	99.9806593888741	99.9965580478744	92.9457147516213	99.9979799973657	99.9925291071488	99.6668506272725	71.7802041555803	99.9944711469322	99.9989810376229	99.9827557581039	99.8946126156883	51.4889488249492	99.4785796615545	54.2281971430575	99.9971655438354	99.9971181029477	99.0181683687467	99.9986043001872	99.933099247063	99.9115981056628	99.9997522251872	79.7704887984576	99.8724187103364	99.9944533636321	47.8612930109617	96.7321910337366	99.9980201290325	99.9999097662034
