clade_name	NCBI_tax_id	reSRR9320199_taxonomic_profile	reSRR9320198_taxonomic_profile	reSRR9320197_taxonomic_profile	reSRR9320196_taxonomic_profile	reSRR9320195_taxonomic_profile	reSRR9320194_taxonomic_profile	reSRR9320193_taxonomic_profile	reSRR9320192_taxonomic_profile	reSRR9320191_taxonomic_profile	reSRR9320188_taxonomic_profile	reSRR9320187_taxonomic_profile
UNCLASSIFIED	-1	98.80185	98.42993	98.89955	97.92583	97.29464	99.39186	99.34906	99.25921	99.35913000000001	99.24623000000001	99.00001999999999
k__Archaea	2157	0.0255743068743408	0.020930147514597902	0.016315976845843294	0.008126804066535567	0.006267515951016682	0.028992899534187145	0.024788578708550058	0.15762397587326749	0.0139529504121151	0.23821724160248345	0.06937453954527567
k__Archaea|p__Thaumarchaeota	2157|651137	0.0255743068743408	0.020930147514597902	0.016315976845843294	0.008126804066535567	0.006267515951016682	0.028992899534187145	0.024788578708550058	0.15762397587326749	0.0139529504121151	0.23821724160248345	0.06937453954527567
k__Archaea|p__Thaumarchaeota|c__Thaumarchaeota_unclassified	2157|651137|72384459	0.0255743068743408	0.020930147514597902	0.016315976845843294	0.008126804066535567	0.006267515951016682	0.028992899534187145	0.024788578708550058	0.15762397587326749	0.0139529504121151	0.23821724160248345	0.06937453954527567
k__Archaea|p__Thaumarchaeota|c__Thaumarchaeota_unclassified|o__Thaumarchaeota_unclassified	2157|651137|72384459|54883673	0.0255743068743408	0.020930147514597902	0.016315976845843294	0.008126804066535567	0.006267515951016682	0.028992899534187145	0.024788578708550058	0.15762397587326749	0.0139529504121151	0.23821724160248345	0.06937453954527567
k__Archaea|p__Thaumarchaeota|c__Thaumarchaeota_unclassified|o__Thaumarchaeota_unclassified|f__Thaumarchaeota_unclassified	2157|651137|72384459|54883673|1846429	0.0255743068743408	0.020930147514597902	0.016315976845843294	0.008126804066535567	0.006267515951016682	0.028992899534187145	0.024788578708550058	0.15762397587326749	0.0139529504121151	0.23821724160248345	0.06937453954527567
k__Archaea|p__Thaumarchaeota|c__Thaumarchaeota_unclassified|o__Thaumarchaeota_unclassified|f__Thaumarchaeota_unclassified|g__Candidatus_Nitrosotalea	2157|651137|72384459|54883673|1846429|1078904	0.0255743068743408	0.020930147514597902	0.016315976845843294	0.008126804066535567	0.006267515951016682	0.028992899534187145	0.024788578708550058	0.15762397587326749	0.0139529504121151	0.23821724160248345	0.06937453954527567
k__Archaea|p__Thaumarchaeota|c__Thaumarchaeota_unclassified|o__Thaumarchaeota_unclassified|f__Thaumarchaeota_unclassified|g__Candidatus_Nitrosotalea|s__Candidatus_Nitrosotalea_okcheonensis	2157|651137|72384459|54883673|1846429|1078904|1903276	0.011741766141535756	0.009374266823997108	0.008795921042506405	0.004305561338739321	0.0010729472206902992	0.028992899534187145	0.024788578708550058	0.15762397587326749	0.0139529504121151	0.23821724160248345	0.06937453954527567
k__Archaea|p__Thaumarchaeota|c__Thaumarchaeota_unclassified|o__Thaumarchaeota_unclassified|f__Thaumarchaeota_unclassified|g__Candidatus_Nitrosotalea|s__Candidatus_Nitrosotalea_okcheonensis|t__SGB549	2157|651137|72384459|54883673|1846429|1078904|1903276|SGB549	0.011741766141535756	0.009374266823997108	0.008795921042506405	0.004305561338739321	0.0010729472206902992	0.028992899534187145	0.024788578708550058	0.15762397587326749	0.0139529504121151	0.23821724160248345	0.06937453954527567
k__Archaea|p__Thaumarchaeota|c__Thaumarchaeota_unclassified|o__Thaumarchaeota_unclassified|f__Thaumarchaeota_unclassified|g__Candidatus_Nitrosotalea|s__Candidatus_Nitrosotalea_sp_TS	2157|651137|72384459|54883673|1846429|1078904|2341020	0.013832660547967869	0.011555880690600795	0.00752005580333689	0.0038212427277962467	0.005194568730326383	0	0	0	0	0	0
k__Archaea|p__Thaumarchaeota|c__Thaumarchaeota_unclassified|o__Thaumarchaeota_unclassified|f__Thaumarchaeota_unclassified|g__Candidatus_Nitrosotalea|s__Candidatus_Nitrosotalea_sp_TS|t__SGB74738	2157|651137|72384459|54883673|1846429|1078904|2341020|SGB74738	0.013832660547967869	0.011555880690600795	0.00752005580333689	0.0038212427277962467	0.005194568730326383	0	0	0	0	0	0
k__Bacteria	2	1.172577321360208	1.5491410051328924	1.0841370498658298	2.0660428359466256	2.6990961267375853	0.5791485328886784	0.6261531931559722	0.5831650412185321	0.62691966517847	0.5155508247473518	0.930607291947488
k__Bacteria|p__Acidobacteria	2|57723	0	0	0	0	0.0001466307094337222	0.22965871298260065	0.17367927131724847	0.11628520780018185	0.194264383426373	0.2386384471979597	0.08490875730660002
k__Bacteria|p__Acidobacteria|c__Acidobacteriia	2|57723|204432	0	0	0	0	0	0.0015994119672721365	0.002733695065122248	0	0.0004026602643755646	0	0
k__Bacteria|p__Acidobacteria|c__Acidobacteriia|o__Acidobacteriales	2|57723|204432|204433	0	0	0	0	0	0.0015994119672721365	0.002733695065122248	0	0.0004026602643755646	0	0
k__Bacteria|p__Acidobacteria|c__Acidobacteriia|o__Acidobacteriales|f__Acidobacteriaceae	2|57723|204432|204433|204434	0	0	0	0	0	0.0015994119672721365	0.002733695065122248	0	0.0004026602643755646	0	0
k__Bacteria|p__Acidobacteria|c__Acidobacteriia|o__Acidobacteriales|f__Acidobacteriaceae|g__Granulicella	2|57723|204432|204433|204434|940557	0	0	0	0	0	0.0015994119672721365	0.002733695065122248	0	0.0004026602643755646	0	0
k__Bacteria|p__Acidobacteria|c__Acidobacteriia|o__Acidobacteriales|f__Acidobacteriaceae|g__Granulicella|s__Granulicella_aggregans	2|57723|204432|204433|204434|940557|474949	0	0	0	0	0	0.0005147917225459557	0.0022135274952253077	0	0.0004026602643755646	0	0
k__Bacteria|p__Acidobacteria|c__Acidobacteriia|o__Acidobacteriales|f__Acidobacteriaceae|g__Granulicella|s__Granulicella_aggregans|t__SGB85705	2|57723|204432|204433|204434|940557|474949|SGB85705	0	0	0	0	0	0.0005147917225459557	0.0022135274952253077	0	0.0004026602643755646	0	0
k__Bacteria|p__Acidobacteria|c__Acidobacteriia|o__Acidobacteriales|f__Acidobacteriaceae|g__Granulicella|s__Granulicella_sp_L46	2|57723|204432|204433|204434|940557|1641865	0	0	0	0	0	0.0010846202447261806	0.0005201675698969396	0	0	0	0
k__Bacteria|p__Acidobacteria|c__Acidobacteriia|o__Acidobacteriales|f__Acidobacteriaceae|g__Granulicella|s__Granulicella_sp_L46|t__SGB85684	2|57723|204432|204433|204434|940557|1641865|SGB85684	0	0	0	0	0	0.0010846202447261806	0.0005201675698969396	0	0	0	0
k__Bacteria|p__Acidobacteria|c__CFGB14711	2|57723|15489723	0	0	0	0	0	0	0	0.009003697871537151	0	0.008560242422308538	0.049232805497165286
k__Bacteria|p__Acidobacteria|c__CFGB14711|o__OFGB14711	2|57723|15489723|69054602	0	0	0	0	0	0	0	0.009003697871537151	0	0.008560242422308538	0.049232805497165286
k__Bacteria|p__Acidobacteria|c__CFGB14711|o__OFGB14711|f__FGB14711	2|57723|15489723|69054602|17102412	0	0	0	0	0	0	0	0.009003697871537151	0	0.008560242422308538	0.049232805497165286
k__Bacteria|p__Acidobacteria|c__CFGB14711|o__OFGB14711|f__FGB14711|g__GGB40698	2|57723|15489723|69054602|17102412|69746627	0	0	0	0	0	0	0	0.009003697871537151	0	0.008560242422308538	0.049232805497165286
k__Bacteria|p__Acidobacteria|c__CFGB14711|o__OFGB14711|f__FGB14711|g__GGB40698|s__GGB40698_SGB86371	2|57723|15489723|69054602|17102412|69746627|24743704	0	0	0	0	0	0	0	0.009003697871537151	0	0.008560242422308538	0.049232805497165286
k__Bacteria|p__Acidobacteria|c__CFGB14711|o__OFGB14711|f__FGB14711|g__GGB40698|s__GGB40698_SGB86371|t__SGB86371	2|57723|15489723|69054602|17102412|69746627|24743704|SGB86371	0	0	0	0	0	0	0	0.009003697871537151	0	0.008560242422308538	0.049232805497165286
k__Bacteria|p__Acidobacteria|c__CFGB7913	2|57723|13195133	0	0	0	0	0.0001466307094337222	0.22805936182947176	0.1709456413463034	0.10728150992864467	0.19386172316199746	0.2300782047756512	0.03567595180943474
k__Bacteria|p__Acidobacteria|c__CFGB7913|o__OFGB7913	2|57723|13195133|97716423	0	0	0	0	0.0001466307094337222	0.22805936182947176	0.1709456413463034	0.10728150992864467	0.19386172316199746	0.2300782047756512	0.03567595180943474
k__Bacteria|p__Acidobacteria|c__CFGB7913|o__OFGB7913|f__FGB7913	2|57723|13195133|97716423|63790601	0	0	0	0	0.0001466307094337222	0.22805936182947176	0.1709456413463034	0.10728150992864467	0.19386172316199746	0.2300782047756512	0.03567595180943474
k__Bacteria|p__Acidobacteria|c__CFGB7913|o__OFGB7913|f__FGB7913|g__GGB24726	2|57723|13195133|97716423|63790601|28645549	0	0	0	0	0.0001466307094337222	0.22805936182947176	0.1709456413463034	0.10728150992864467	0.19386172316199746	0.2300782047756512	0.03567595180943474
k__Bacteria|p__Acidobacteria|c__CFGB7913|o__OFGB7913|f__FGB7913|g__GGB24726|s__GGB24726_SGB36613	2|57723|13195133|97716423|63790601|28645549|86538151	0	0	0	0	0.0001466307094337222	0.22805936182947176	0.1709456413463034	0.10728150992864467	0.19386172316199746	0.2300782047756512	0.03567595180943474
k__Bacteria|p__Acidobacteria|c__CFGB7913|o__OFGB7913|f__FGB7913|g__GGB24726|s__GGB24726_SGB36613|t__SGB36613	2|57723|13195133|97716423|63790601|28645549|86538151|SGB36613	0	0	0	0	0.0001466307094337222	0.22805936182947176	0.1709456413463034	0.10728150992864467	0.19386172316199746	0.2300782047756512	0.03567595180943474
k__Bacteria|p__Actinobacteria	2|201174	0.0009198210049956633	0.00413525340184296	9.122755591439771e-05	0.008175132219147873	0.011180185789774914	0.005429729965244314	0.008380224370983859	0.14496959564660025	0.006596309570489216	0.0918203323792118	0.6378403111831392
k__Bacteria|p__Actinobacteria|c__Acidimicrobiia	2|201174|84992	0	0.0028763703516502025	9.122755591439771e-05	0.00495643577177545	0.006512080824315732	0	0	0	0	0	0
k__Bacteria|p__Actinobacteria|c__Acidimicrobiia|o__Acidimicrobiales	2|201174|84992|84993	0	0.0028763703516502025	9.122755591439771e-05	0.00495643577177545	0.006512080824315732	0	0	0	0	0	0
k__Bacteria|p__Actinobacteria|c__Acidimicrobiia|o__Acidimicrobiales|f__Acidimicrobiaceae	2|201174|84992|84993|84994	0	0.0028763703516502025	9.122755591439771e-05	0.00495643577177545	0.006512080824315732	0	0	0	0	0	0
k__Bacteria|p__Actinobacteria|c__Acidimicrobiia|o__Acidimicrobiales|f__Acidimicrobiaceae|g__Acidithrix	2|201174|84992|84993|84994|1609233	0	6.578598129592986e-05	0	0.001540693208601776	0	0	0	0	0	0	0
k__Bacteria|p__Actinobacteria|c__Acidimicrobiia|o__Acidimicrobiales|f__Acidimicrobiaceae|g__Acidithrix|s__Acidithrix_ferrooxidans	2|201174|84992|84993|84994|1609233|1280514	0	6.578598129592986e-05	0	0.001540693208601776	0	0	0	0	0	0	0
k__Bacteria|p__Actinobacteria|c__Acidimicrobiia|o__Acidimicrobiales|f__Acidimicrobiaceae|g__Acidithrix|s__Acidithrix_ferrooxidans|t__SGB8506	2|201174|84992|84993|84994|1609233|1280514|SGB8506	0	6.578598129592986e-05	0	0.001540693208601776	0	0	0	0	0	0	0
k__Bacteria|p__Actinobacteria|c__Acidimicrobiia|o__Acidimicrobiales|f__Acidimicrobiaceae|g__Ferrimicrobium	2|201174|84992|84993|84994|121038	0	0.0028105843703542725	9.122755591439771e-05	0.0034157425631736733	0.006512080824315732	0	0	0	0	0	0
k__Bacteria|p__Actinobacteria|c__Acidimicrobiia|o__Acidimicrobiales|f__Acidimicrobiaceae|g__Ferrimicrobium|s__Ferrimicrobium_acidiphilum	2|201174|84992|84993|84994|121038|121039	0	0.0028105843703542725	9.122755591439771e-05	0.0034157425631736733	0.006512080824315732	0	0	0	0	0	0
k__Bacteria|p__Actinobacteria|c__Acidimicrobiia|o__Acidimicrobiales|f__Acidimicrobiaceae|g__Ferrimicrobium|s__Ferrimicrobium_acidiphilum|t__SGB8504	2|201174|84992|84993|84994|121038|121039|SGB8504	0	0.0028105843703542725	9.122755591439771e-05	0.0034157425631736733	0.006512080824315732	0	0	0	0	0	0
k__Bacteria|p__Actinobacteria|c__Actinobacteria	2|201174|1760	0	0	0	0	0.0032664560621822173	0.005429729965244314	0.008380224370983859	0.0038975132556250854	0.006596309570489216	0.012001570529228709	0.0012549771985234186
k__Bacteria|p__Actinobacteria|c__Actinobacteria|o__Propionibacteriales	2|201174|1760|85009	0	0	0	0	0.0032664560621822173	0	0	0	0	0	0
k__Bacteria|p__Actinobacteria|c__Actinobacteria|o__Propionibacteriales|f__Propionibacteriaceae	2|201174|1760|85009|31957	0	0	0	0	0.0032664560621822173	0	0	0	0	0	0
k__Bacteria|p__Actinobacteria|c__Actinobacteria|o__Propionibacteriales|f__Propionibacteriaceae|g__Cutibacterium	2|201174|1760|85009|31957|1912216	0	0	0	0	0.0032664560621822173	0	0	0	0	0	0
k__Bacteria|p__Actinobacteria|c__Actinobacteria|o__Propionibacteriales|f__Propionibacteriaceae|g__Cutibacterium|s__Cutibacterium_acnes	2|201174|1760|85009|31957|1912216|1747	0	0	0	0	0.0032664560621822173	0	0	0	0	0	0
k__Bacteria|p__Actinobacteria|c__Actinobacteria|o__Propionibacteriales|f__Propionibacteriaceae|g__Cutibacterium|s__Cutibacterium_acnes|t__SGB16955	2|201174|1760|85009|31957|1912216|1747|SGB16955	0	0	0	0	0.0032664560621822173	0	0	0	0	0	0
k__Bacteria|p__Actinobacteria|c__Actinobacteria|o__Streptosporangiales	2|201174|1760|85012	0	0	0	0	0	0.005429729965244314	0.008380224370983859	0.0038975132556250854	0.006596309570489216	0.012001570529228709	0.0012549771985234186
k__Bacteria|p__Actinobacteria|c__Actinobacteria|o__Streptosporangiales|f__Treboniaceae	2|201174|1760|85012|2767072	0	0	0	0	0	0.005429729965244314	0.008380224370983859	0.0038975132556250854	0.006596309570489216	0.012001570529228709	0.0012549771985234186
k__Bacteria|p__Actinobacteria|c__Actinobacteria|o__Streptosporangiales|f__Treboniaceae|g__Trebonia	2|201174|1760|85012|2767072|2767073	0	0	0	0	0	0.005429729965244314	0.008380224370983859	0.0038975132556250854	0.006596309570489216	0.012001570529228709	0.0012549771985234186
k__Bacteria|p__Actinobacteria|c__Actinobacteria|o__Streptosporangiales|f__Treboniaceae|g__Trebonia|s__Trebonia_kvetii	2|201174|1760|85012|2767072|2767073|2480626	0	0	0	0	0	0.005429729965244314	0.008380224370983859	0.0038975132556250854	0.006596309570489216	0.012001570529228709	0.0012549771985234186
k__Bacteria|p__Actinobacteria|c__Actinobacteria|o__Streptosporangiales|f__Treboniaceae|g__Trebonia|s__Trebonia_kvetii|t__SGB87004	2|201174|1760|85012|2767072|2767073|2480626|SGB87004	0	0	0	0	0	0.005429729965244314	0.008380224370983859	0.0038975132556250854	0.006596309570489216	0.012001570529228709	0.0012549771985234186
k__Bacteria|p__Actinobacteria|c__CFGB8648	2|201174|48181618	0.0009198210049956633	0.001258883050192758	0	0.003218696447372424	0.0014016489032769642	0	0	0.14107200831207342	0	0.07981883722678973	0.6365853339846158
k__Bacteria|p__Actinobacteria|c__CFGB8648|o__OFGB8648	2|201174|48181618|41140846	0.0009198210049956633	0.001258883050192758	0	0.003218696447372424	0.0014016489032769642	0	0	0.14107200831207342	0	0.07981883722678973	0.6365853339846158
k__Bacteria|p__Actinobacteria|c__CFGB8648|o__OFGB8648|f__FGB8648	2|201174|48181618|41140846|42016463	0.0009198210049956633	0.001258883050192758	0	0.003218696447372424	0.0014016489032769642	0	0	0.14107200831207342	0	0.07981883722678973	0.6365853339846158
k__Bacteria|p__Actinobacteria|c__CFGB8648|o__OFGB8648|f__FGB8648|g__GGB26065	2|201174|48181618|41140846|42016463|22166828	0.0009198210049956633	0.001258883050192758	0	0.003218696447372424	0.0014016489032769642	0	0	0.14107200831207342	0	0.07981883722678973	0.6365853339846158
k__Bacteria|p__Actinobacteria|c__CFGB8648|o__OFGB8648|f__FGB8648|g__GGB26065|s__GGB26065_SGB73681	2|201174|48181618|41140846|42016463|22166828|25875256	0.0009198210049956633	0.001258883050192758	0	0.003218696447372424	0.0014016489032769642	0	0	0.14107200831207342	0	0.07981883722678973	0.6365853339846158
k__Bacteria|p__Actinobacteria|c__CFGB8648|o__OFGB8648|f__FGB8648|g__GGB26065|s__GGB26065_SGB73681|t__SGB73681	2|201174|48181618|41140846|42016463|22166828|25875256|SGB73681	0.0009198210049956633	0.001258883050192758	0	0.003218696447372424	0.0014016489032769642	0	0	0.14107200831207342	0	0.07981883722678973	0.6365853339846158
k__Bacteria|p__Bacteroidetes	2|976	0	0.0009216317666040768	0	0.00015991847924501474	3.246436371226321e-05	0	0	0	0	0	0
k__Bacteria|p__Bacteroidetes|c__Cytophagia	2|976|768503	0	0.0009216317666040768	0	0.00015991847924501474	3.246436371226321e-05	0	0	0	0	0	0
k__Bacteria|p__Bacteroidetes|c__Cytophagia|o__Cytophagales	2|976|768503|768507	0	0.0009216317666040768	0	0.00015991847924501474	3.246436371226321e-05	0	0	0	0	0	0
k__Bacteria|p__Bacteroidetes|c__Cytophagia|o__Cytophagales|f__Cytophagaceae	2|976|768503|768507|89373	0	0.0009216317666040768	0	0.00015991847924501474	3.246436371226321e-05	0	0	0	0	0	0
k__Bacteria|p__Bacteroidetes|c__Cytophagia|o__Cytophagales|f__Cytophagaceae|g__Aquirufa	2|976|768503|768507|89373|2676247	0	0.0009216317666040768	0	0.00015991847924501474	3.246436371226321e-05	0	0	0	0	0	0
k__Bacteria|p__Bacteroidetes|c__Cytophagia|o__Cytophagales|f__Cytophagaceae|g__Aquirufa|s__Aquirufa_antheringensis	2|976|768503|768507|89373|2676247|2516559	0	0.0009216317666040768	0	0.00015991847924501474	3.246436371226321e-05	0	0	0	0	0	0
k__Bacteria|p__Bacteroidetes|c__Cytophagia|o__Cytophagales|f__Cytophagaceae|g__Aquirufa|s__Aquirufa_antheringensis|t__SGB28348	2|976|768503|768507|89373|2676247|2516559|SGB28348	0	0.0009216317666040768	0	0.00015991847924501474	3.246436371226321e-05	0	0	0	0	0	0
k__Bacteria|p__Candidatus_Moranbacteria	2|1752737	0	0	0	0	0	0	0	0.004234498179500145	0	0.002980926571993693	0.0007084871276126231
k__Bacteria|p__Candidatus_Moranbacteria|c__Candidatus_Moranbacteria_unclassified	2|1752737|19460570	0	0	0	0	0	0	0	0.004234498179500145	0	0.002980926571993693	0.0007084871276126231
k__Bacteria|p__Candidatus_Moranbacteria|c__Candidatus_Moranbacteria_unclassified|o__Candidatus_Moranbacteria_unclassified	2|1752737|19460570|55355994	0	0	0	0	0	0	0	0.004234498179500145	0	0.002980926571993693	0.0007084871276126231
k__Bacteria|p__Candidatus_Moranbacteria|c__Candidatus_Moranbacteria_unclassified|o__Candidatus_Moranbacteria_unclassified|f__Candidatus_Moranbacteria_unclassified	2|1752737|19460570|55355994|91111604	0	0	0	0	0	0	0	0.004234498179500145	0	0.002980926571993693	0.0007084871276126231
k__Bacteria|p__Candidatus_Moranbacteria|c__Candidatus_Moranbacteria_unclassified|o__Candidatus_Moranbacteria_unclassified|f__Candidatus_Moranbacteria_unclassified|g__Candidatus_Moranbacteria_unclassified	2|1752737|19460570|55355994|91111604|53466103	0	0	0	0	0	0	0	0.004234498179500145	0	0.002980926571993693	0.0007084871276126231
k__Bacteria|p__Candidatus_Moranbacteria|c__Candidatus_Moranbacteria_unclassified|o__Candidatus_Moranbacteria_unclassified|f__Candidatus_Moranbacteria_unclassified|g__Candidatus_Moranbacteria_unclassified|s__Candidatus_Moranbacteria_bacterium	2|1752737|19460570|55355994|91111604|53466103|2045217	0	0	0	0	0	0	0	0.004234498179500145	0	0.002980926571993693	0.0007084871276126231
k__Bacteria|p__Candidatus_Moranbacteria|c__Candidatus_Moranbacteria_unclassified|o__Candidatus_Moranbacteria_unclassified|f__Candidatus_Moranbacteria_unclassified|g__Candidatus_Moranbacteria_unclassified|s__Candidatus_Moranbacteria_bacterium|t__SGB84128	2|1752737|19460570|55355994|91111604|53466103|2045217|SGB84128	0	0	0	0	0	0	0	0.004234498179500145	0	0.002980926571993693	0.0007084871276126231
k__Bacteria|p__Firmicutes	2|1239	0	0	0	0	0	0	0	0.00968492745165477	0	0.0035689410405532	0.00494311018943503
k__Bacteria|p__Firmicutes|c__Bacilli	2|1239|91061	0	0	0	0	0	0	0	0.00968492745165477	0	0.0035689410405532	0.00494311018943503
k__Bacteria|p__Firmicutes|c__Bacilli|o__Bacillales	2|1239|91061|1385	0	0	0	0	0	0	0	0.00968492745165477	0	0.0035689410405532	0.00494311018943503
k__Bacteria|p__Firmicutes|c__Bacilli|o__Bacillales|f__Listeriaceae	2|1239|91061|1385|186820	0	0	0	0	0	0	0	0.00968492745165477	0	0.0035689410405532	0.00494311018943503
k__Bacteria|p__Firmicutes|c__Bacilli|o__Bacillales|f__Listeriaceae|g__GGB15782	2|1239|91061|1385|186820|29053695	0	0	0	0	0	0	0	0.00968492745165477	0	0.0035689410405532	0.00494311018943503
k__Bacteria|p__Firmicutes|c__Bacilli|o__Bacillales|f__Listeriaceae|g__GGB15782|s__GGB15782_SGB24024	2|1239|91061|1385|186820|29053695|92983430	0	0	0	0	0	0	0	0.00968492745165477	0	0.0035689410405532	0.00494311018943503
k__Bacteria|p__Firmicutes|c__Bacilli|o__Bacillales|f__Listeriaceae|g__GGB15782|s__GGB15782_SGB24024|t__SGB24024	2|1239|91061|1385|186820|29053695|92983430|SGB24024	0	0	0	0	0	0	0	0.00968492745165477	0	0.0035689410405532	0.00494311018943503
k__Bacteria|p__Nitrospirae	2|40117	0.0006093799181200915	0.0017989875267034946	0.0003235331898532319	0.001861982085839815	0.004335345237408484	0	0	0	0	0	0
k__Bacteria|p__Nitrospirae|c__Nitrospira	2|40117|203693	0.0006093799181200915	0.0017989875267034946	0.0003235331898532319	0.001861982085839815	0.004335345237408484	0	0	0	0	0	0
k__Bacteria|p__Nitrospirae|c__Nitrospira|o__Nitrospirales	2|40117|203693|189778	0.0006093799181200915	0.0017989875267034946	0.0003235331898532319	0.001861982085839815	0.004335345237408484	0	0	0	0	0	0
k__Bacteria|p__Nitrospirae|c__Nitrospira|o__Nitrospirales|f__Nitrospiraceae	2|40117|203693|189778|189779	0.0006093799181200915	0.0017989875267034946	0.0003235331898532319	0.001861982085839815	0.004335345237408484	0	0	0	0	0	0
k__Bacteria|p__Nitrospirae|c__Nitrospira|o__Nitrospirales|f__Nitrospiraceae|g__Leptospirillum	2|40117|203693|189778|189779|179	0.0006093799181200915	0.0017989875267034946	0.0003235331898532319	0.001861982085839815	0.004335345237408484	0	0	0	0	0	0
k__Bacteria|p__Nitrospirae|c__Nitrospira|o__Nitrospirales|f__Nitrospiraceae|g__Leptospirillum|s__Leptospirillum_ferrooxidans	2|40117|203693|189778|189779|179|180	0.0006093799181200915	0.0017989875267034946	0.0003235331898532319	0.001861982085839815	0.004335345237408484	0	0	0	0	0	0
k__Bacteria|p__Nitrospirae|c__Nitrospira|o__Nitrospirales|f__Nitrospiraceae|g__Leptospirillum|s__Leptospirillum_ferrooxidans|t__SGB8995	2|40117|203693|189778|189779|179|180|SGB8995	0.0006093799181200915	0.0017989875267034946	0.0003235331898532319	0.001861982085839815	0.004335345237408484	0	0	0	0	0	0
k__Bacteria|p__Proteobacteria	2|1224	1.1710481204370922	1.5422849754306267	1.0837221790747595	2.0558458031623927	2.683401771173619	0.3440600899408334	0.4440936974677398	0.30799081214059515	0.4260589721816079	0.17854217755763335	0.20220652614251808
k__Bacteria|p__Proteobacteria|c__Acidithiobacillia	2|1224|1807140	0.01846986679472404	0.01405245083042557	0.005584799110561741	0.025155529394079626	0.05621231630414802	0	0	0	0	0	0
k__Bacteria|p__Proteobacteria|c__Acidithiobacillia|o__Acidithiobacillales	2|1224|1807140|225057	0.01846986679472404	0.01405245083042557	0.005584799110561741	0.025155529394079626	0.05621231630414802	0	0	0	0	0	0
k__Bacteria|p__Proteobacteria|c__Acidithiobacillia|o__Acidithiobacillales|f__Acidithiobacillaceae	2|1224|1807140|225057|225058	0.01846986679472404	0.01405245083042557	0.005584799110561741	0.025155529394079626	0.05621231630414802	0	0	0	0	0	0
k__Bacteria|p__Proteobacteria|c__Acidithiobacillia|o__Acidithiobacillales|f__Acidithiobacillaceae|g__Acidithiobacillus	2|1224|1807140|225057|225058|119977	0.01846986679472404	0.01405245083042557	0.005584799110561741	0.025155529394079626	0.05621231630414802	0	0	0	0	0	0
k__Bacteria|p__Proteobacteria|c__Acidithiobacillia|o__Acidithiobacillales|f__Acidithiobacillaceae|g__Acidithiobacillus|s__Acidithiobacillus_ferrivorans	2|1224|1807140|225057|225058|119977|160808	0.016850205423676577	0.01006839528058256	0.004551033537268796	0.018151265936719174	0.022119594215350542	0	0	0	0	0	0
k__Bacteria|p__Proteobacteria|c__Acidithiobacillia|o__Acidithiobacillales|f__Acidithiobacillaceae|g__Acidithiobacillus|s__Acidithiobacillus_ferrivorans|t__SGB13618	2|1224|1807140|225057|225058|119977|160808|SGB13618	0.016850205423676577	0.01006839528058256	0.004551033537268796	0.018151265936719174	0.022119594215350542	0	0	0	0	0	0
k__Bacteria|p__Proteobacteria|c__Acidithiobacillia|o__Acidithiobacillales|f__Acidithiobacillaceae|g__Acidithiobacillus|s__Acidithiobacillus_ferrooxidans	2|1224|1807140|225057|225058|119977|920	0.0006897758923746298	0	0	0.0031284700680318514	0.001818274904251009	0	0	0	0	0	0
k__Bacteria|p__Proteobacteria|c__Acidithiobacillia|o__Acidithiobacillales|f__Acidithiobacillaceae|g__Acidithiobacillus|s__Acidithiobacillus_ferrooxidans|t__SGB13617	2|1224|1807140|225057|225058|119977|920|SGB13617	0.0006897758923746298	0	0	0.0031284700680318514	0.001818274904251009	0	0	0	0	0	0
k__Bacteria|p__Proteobacteria|c__Acidithiobacillia|o__Acidithiobacillales|f__Acidithiobacillaceae|g__Acidithiobacillus|s__Acidithiobacillus_sulfuriphilus	2|1224|1807140|225057|225058|119977|1867749	0	0	0	0.0010509817565946687	0.00383052438168279	0	0	0	0	0	0
k__Bacteria|p__Proteobacteria|c__Acidithiobacillia|o__Acidithiobacillales|f__Acidithiobacillaceae|g__Acidithiobacillus|s__Acidithiobacillus_sulfuriphilus|t__SGB30559	2|1224|1807140|225057|225058|119977|1867749|SGB30559	0	0	0	0.0010509817565946687	0.00383052438168279	0	0	0	0	0	0
k__Bacteria|p__Proteobacteria|c__Acidithiobacillia|o__Acidithiobacillales|f__Acidithiobacillaceae|g__Acidithiobacillus|s__Acidithiobacillus_thiooxidans	2|1224|1807140|225057|225058|119977|930	0.0009298854786728332	0.003984055549843006	0.0010337655732929457	0.0028248116327339247	0.02844365226649942	0	0	0	0	0	0
k__Bacteria|p__Proteobacteria|c__Acidithiobacillia|o__Acidithiobacillales|f__Acidithiobacillaceae|g__Acidithiobacillus|s__Acidithiobacillus_thiooxidans|t__SGB13620	2|1224|1807140|225057|225058|119977|930|SGB13620	0.0009298854786728332	0.003984055549843006	0.0010337655732929457	0.0028248116327339247	0.02844365226649942	0	0	0	0	0	0
k__Bacteria|p__Proteobacteria|c__Alphaproteobacteria	2|1224|28211	0.055222449099841885	0.08624981767819144	0.07585411708593298	0.20960521297153	0.7148412112076161	0.031124800139688737	0.058504433253158926	0	0.07221903782924123	0	0
k__Bacteria|p__Proteobacteria|c__Alphaproteobacteria|o__Rhizobiales	2|1224|28211|356	0	0	0	0	0	0	0.009443537755324556	0	0.008351916013638066	0	0
k__Bacteria|p__Proteobacteria|c__Alphaproteobacteria|o__Rhizobiales|f__Bradyrhizobiaceae	2|1224|28211|356|41294	0	0	0	0	0	0	0.009443537755324556	0	0.008351916013638066	0	0
k__Bacteria|p__Proteobacteria|c__Alphaproteobacteria|o__Rhizobiales|f__Bradyrhizobiaceae|g__Bradyrhizobium	2|1224|28211|356|41294|374	0	0	0	0	0	0	0.009443537755324556	0	0.008351916013638066	0	0
k__Bacteria|p__Proteobacteria|c__Alphaproteobacteria|o__Rhizobiales|f__Bradyrhizobiaceae|g__Bradyrhizobium|s__Bradyrhizobium_erythrophlei	2|1224|28211|356|41294|374|1437360	0	0	0	0	0	0	0.009443537755324556	0	0.008351916013638066	0	0
k__Bacteria|p__Proteobacteria|c__Alphaproteobacteria|o__Rhizobiales|f__Bradyrhizobiaceae|g__Bradyrhizobium|s__Bradyrhizobium_erythrophlei|t__SGB11350	2|1224|28211|356|41294|374|1437360|SGB11350	0	0	0	0	0	0	0.009443537755324556	0	0.008351916013638066	0	0
k__Bacteria|p__Proteobacteria|c__Alphaproteobacteria|o__Rhodospirillales	2|1224|28211|204441	0.055222449099841885	0.08624981767819144	0.07585411708593298	0.20960521297153	0.7148412112076161	0.031124800139688737	0.04906089549783437	0	0.0638670577283416	0	0
k__Bacteria|p__Proteobacteria|c__Alphaproteobacteria|o__Rhodospirillales|f__Acetobacteraceae	2|1224|28211|204441|433	0.055222449099841885	0.08624981767819144	0.07585411708593298	0.20960521297153	0.7148412112076161	0.031124800139688737	0.04906089549783437	0	0.0638670577283416	0	0
k__Bacteria|p__Proteobacteria|c__Alphaproteobacteria|o__Rhodospirillales|f__Acetobacteraceae|g__Acidibrevibacterium	2|1224|28211|204441|433|2603324	0	0.0003212365578316765	0	0.0010879019761869029	0.001006124738715891	0	0	0	0	0	0
k__Bacteria|p__Proteobacteria|c__Alphaproteobacteria|o__Rhodospirillales|f__Acetobacteraceae|g__Acidibrevibacterium|s__Acidibrevibacterium_fodinaquatile	2|1224|28211|204441|433|2603324|1969806	0	0.0003212365578316765	0	0.0010879019761869029	0.001006124738715891	0	0	0	0	0	0
k__Bacteria|p__Proteobacteria|c__Alphaproteobacteria|o__Rhodospirillales|f__Acetobacteraceae|g__Acidibrevibacterium|s__Acidibrevibacterium_fodinaquatile|t__SGB30465	2|1224|28211|204441|433|2603324|1969806|SGB30465	0	0.0003212365578316765	0	0.0010879019761869029	0.001006124738715891	0	0	0	0	0	0
k__Bacteria|p__Proteobacteria|c__Alphaproteobacteria|o__Rhodospirillales|f__Acetobacteraceae|g__Acidiphilium	2|1224|28211|204441|433|522	0.054451678157398604	0.08384588173637288	0.07336544256602451	0.2050652704634692	0.7105315669248131	0.031124800139688737	0.04906089549783437	0	0.0638670577283416	0	0
k__Bacteria|p__Proteobacteria|c__Alphaproteobacteria|o__Rhodospirillales|f__Acetobacteraceae|g__Acidiphilium|s__Acidiphilium_angustum	2|1224|28211|204441|433|522|523	0.054451678157398604	0.08384588173637288	0.07336544256602451	0.2050652704634692	0.7105315669248131	0.031124800139688737	0.04906089549783437	0	0.0638670577283416	0	0
k__Bacteria|p__Proteobacteria|c__Alphaproteobacteria|o__Rhodospirillales|f__Acetobacteraceae|g__Acidiphilium|s__Acidiphilium_angustum|t__SGB10905	2|1224|28211|204441|433|522|523|SGB10905	0.054451678157398604	0.08384588173637288	0.07336544256602451	0.2050652704634692	0.7105315669248131	0.031124800139688737	0.04906089549783437	0	0.0638670577283416	0	0
k__Bacteria|p__Proteobacteria|c__Alphaproteobacteria|o__Rhodospirillales|f__Acetobacteraceae|g__Acidisphaera	2|1224|28211|204441|433|50714	0	0	0	0	3.7334018269102694e-05	0	0	0	0	0	0
k__Bacteria|p__Proteobacteria|c__Alphaproteobacteria|o__Rhodospirillales|f__Acetobacteraceae|g__Acidisphaera|s__Acidisphaera_rubrifaciens	2|1224|28211|204441|433|50714|50715	0	0	0	0	3.7334018269102694e-05	0	0	0	0	0	0
k__Bacteria|p__Proteobacteria|c__Alphaproteobacteria|o__Rhodospirillales|f__Acetobacteraceae|g__Acidisphaera|s__Acidisphaera_rubrifaciens|t__SGB11245	2|1224|28211|204441|433|50714|50715|SGB11245	0	0	0	0	3.7334018269102694e-05	0	0	0	0	0	0
k__Bacteria|p__Proteobacteria|c__Alphaproteobacteria|o__Rhodospirillales|f__Acetobacteraceae|g__Acidocella	2|1224|28211|204441|433|50709	0.0007707709424432852	0.0020828563911021608	0.002488674519908449	0.0034518331149099037	0.0032661855258179482	0	0	0	0	0	0
k__Bacteria|p__Proteobacteria|c__Alphaproteobacteria|o__Rhodospirillales|f__Acetobacteraceae|g__Acidocella|s__Acidocella_facilis	2|1224|28211|204441|433|50709|525	0.0007707709424432852	0.0020828563911021608	0.002488674519908449	0.0034518331149099037	0.0032661855258179482	0	0	0	0	0	0
k__Bacteria|p__Proteobacteria|c__Alphaproteobacteria|o__Rhodospirillales|f__Acetobacteraceae|g__Acidocella|s__Acidocella_facilis|t__SGB10903	2|1224|28211|204441|433|50709|525|SGB10903	0.0007707709424432852	0.0020828563911021608	0.002488674519908449	0.0034518331149099037	0.0032661855258179482	0	0	0	0	0	0
k__Bacteria|p__Proteobacteria|c__Betaproteobacteria	2|1224|28216	1.0097640910543	1.3521492018379004	0.9118581573109452	1.713179911363487	1.8131809750481904	0.22756354411961746	0.29628721347425896	0.20455496023637912	0.2830962493714765	0.1043885103639157	0.1499069763645308
k__Bacteria|p__Proteobacteria|c__Betaproteobacteria|o__Burkholderiales	2|1224|28216|80840	0.04988696008415062	0.06937987416433995	0.03306454177648695	0.13382874384507318	0.18668875835464804	0.11230079563650093	0.16567424978356732	0.14369966103459975	0.14890861076305767	0.08247896010974495	0.0906058537969806
k__Bacteria|p__Proteobacteria|c__Betaproteobacteria|o__Burkholderiales|f__Alcaligenaceae	2|1224|28216|80840|506	0.005647487699683546	0.01034771093863855	0.007817508256457054	0.00849600626245791	0.0022524857689025287	0	0	0	0	0	0
k__Bacteria|p__Proteobacteria|c__Betaproteobacteria|o__Burkholderiales|f__Alcaligenaceae|g__Bordetella	2|1224|28216|80840|506|517	0.005647487699683546	0.01034771093863855	0.007817508256457054	0.00849600626245791	0.0022524857689025287	0	0	0	0	0	0
k__Bacteria|p__Proteobacteria|c__Betaproteobacteria|o__Burkholderiales|f__Alcaligenaceae|g__Bordetella|s__Bordetella_sp_FB_8	2|1224|28216|80840|506|517|1159870	0.005647487699683546	0.01034771093863855	0.007817508256457054	0.00849600626245791	0.0022524857689025287	0	0	0	0	0	0
k__Bacteria|p__Proteobacteria|c__Betaproteobacteria|o__Burkholderiales|f__Alcaligenaceae|g__Bordetella|s__Bordetella_sp_FB_8|t__SGB32690	2|1224|28216|80840|506|517|1159870|SGB32690	0.005647487699683546	0.01034771093863855	0.007817508256457054	0.00849600626245791	0.0022524857689025287	0	0	0	0	0	0
k__Bacteria|p__Proteobacteria|c__Betaproteobacteria|o__Burkholderiales|f__Burkholderiaceae	2|1224|28216|80840|119060	0.005605552392695337	0.0019969734990523433	0.0046866093501596725	0.0010495298378466597	0.005403963876270481	0	0.0017240192827831867	0	0	0	0
k__Bacteria|p__Proteobacteria|c__Betaproteobacteria|o__Burkholderiales|f__Burkholderiaceae|g__Pandoraea	2|1224|28216|80840|119060|93217	0.005605552392695337	0.0019969734990523433	0.0046866093501596725	0.0010495298378466597	0.000355755319013551	0	0	0	0	0	0
k__Bacteria|p__Proteobacteria|c__Betaproteobacteria|o__Burkholderiales|f__Burkholderiaceae|g__Pandoraea|s__Pandoraea_thiooxydans	2|1224|28216|80840|119060|93217|445709	0.005605552392695337	0.0019969734990523433	0.0046866093501596725	0.0010495298378466597	0.000355755319013551	0	0	0	0	0	0
k__Bacteria|p__Proteobacteria|c__Betaproteobacteria|o__Burkholderiales|f__Burkholderiaceae|g__Pandoraea|s__Pandoraea_thiooxydans|t__SGB12903	2|1224|28216|80840|119060|93217|445709|SGB12903	0.005605552392695337	0.0019969734990523433	0.0046866093501596725	0.0010495298378466597	0.000355755319013551	0	0	0	0	0	0
k__Bacteria|p__Proteobacteria|c__Betaproteobacteria|o__Burkholderiales|f__Burkholderiaceae|g__Paraburkholderia	2|1224|28216|80840|119060|1822464	0	0	0	0	0	0	0.0017240192827831867	0	0	0	0
k__Bacteria|p__Proteobacteria|c__Betaproteobacteria|o__Burkholderiales|f__Burkholderiaceae|g__Paraburkholderia|s__Paraburkholderia_phenazinium	2|1224|28216|80840|119060|1822464|60549	0	0	0	0	0	0	0.0017240192827831867	0	0	0	0
k__Bacteria|p__Proteobacteria|c__Betaproteobacteria|o__Burkholderiales|f__Burkholderiaceae|g__Paraburkholderia|s__Paraburkholderia_phenazinium|t__SGB13033	2|1224|28216|80840|119060|1822464|60549|SGB13033	0	0	0	0	0	0	0.0017240192827831867	0	0	0	0
k__Bacteria|p__Proteobacteria|c__Betaproteobacteria|o__Burkholderiales|f__Burkholderiaceae|g__Ralstonia	2|1224|28216|80840|119060|48736	0	0	0	0	0.005048208557256929	0	0	0	0	0	0
k__Bacteria|p__Proteobacteria|c__Betaproteobacteria|o__Burkholderiales|f__Burkholderiaceae|g__Ralstonia|s__Ralstonia_pickettii	2|1224|28216|80840|119060|48736|329	0	0	0	0	0.005048208557256929	0	0	0	0	0	0
k__Bacteria|p__Proteobacteria|c__Betaproteobacteria|o__Burkholderiales|f__Burkholderiaceae|g__Ralstonia|s__Ralstonia_pickettii|t__SGB12924	2|1224|28216|80840|119060|48736|329|SGB12924	0	0	0	0	0.005048208557256929	0	0	0	0	0	0
k__Bacteria|p__Proteobacteria|c__Betaproteobacteria|o__Burkholderiales|f__Burkholderiales_unclassified	2|1224|28216|80840|40968858	0.03863391999177174	0.057035032719533786	0.020560314124567547	0.1242832077447686	0.17903230870947498	0.11230079563650093	0.16395023050078414	0.14369966103459975	0.14890861076305767	0.08247896010974495	0.0906058537969806
k__Bacteria|p__Proteobacteria|c__Betaproteobacteria|o__Burkholderiales|f__Burkholderiales_unclassified|g__Thiomonas	2|1224|28216|80840|40968858|32012	0.03863391999177174	0.057035032719533786	0.020560314124567547	0.1242832077447686	0.17903230870947498	0.11230079563650093	0.16395023050078414	0.14369966103459975	0.14890861076305767	0.08247896010974495	0.0906058537969806
k__Bacteria|p__Proteobacteria|c__Betaproteobacteria|o__Burkholderiales|f__Burkholderiales_unclassified|g__Thiomonas|s__Thiomonas_delicata	2|1224|28216|80840|40968858|32012|364030	0.001797946333328764	0.001550445263239397	0.00019081855483180413	0.016140980721618417	0.038394250280672365	0	0	0	0.03808308613433181	0	0
k__Bacteria|p__Proteobacteria|c__Betaproteobacteria|o__Burkholderiales|f__Burkholderiales_unclassified|g__Thiomonas|s__Thiomonas_delicata|t__SGB13101	2|1224|28216|80840|40968858|32012|364030|SGB13101	0.001797946333328764	0.001550445263239397	0.00019081855483180413	0.016140980721618417	0.038394250280672365	0	0	0	0.03808308613433181	0	0
k__Bacteria|p__Proteobacteria|c__Betaproteobacteria|o__Burkholderiales|f__Burkholderiales_unclassified|g__Thiomonas|s__Thiomonas_sp_FB_6	2|1224|28216|80840|40968858|32012|1158291	0	7.347932994390255e-05	0	0.002711354553425205	0.003768571554265222	0.040872151832705685	0.0979537178301733	0	0.04550368606299364	0	0
k__Bacteria|p__Proteobacteria|c__Betaproteobacteria|o__Burkholderiales|f__Burkholderiales_unclassified|g__Thiomonas|s__Thiomonas_sp_FB_6|t__SGB32525	2|1224|28216|80840|40968858|32012|1158291|SGB32525	0	7.347932994390255e-05	0	0.002711354553425205	0.003768571554265222	0.040872151832705685	0.0979537178301733	0	0.04550368606299364	0	0
k__Bacteria|p__Proteobacteria|c__Betaproteobacteria|o__Burkholderiales|f__Burkholderiales_unclassified|g__Thiomonas|s__Thiomonas_sp_FB_Cd	2|1224|28216|80840|40968858|32012|1158292	0	0	0	0	0	0	0	0.14369966103459975	0	0.08247896010974495	0.0906058537969806
k__Bacteria|p__Proteobacteria|c__Betaproteobacteria|o__Burkholderiales|f__Burkholderiales_unclassified|g__Thiomonas|s__Thiomonas_sp_FB_Cd|t__SGB32523	2|1224|28216|80840|40968858|32012|1158292|SGB32523	0	0	0	0	0	0	0	0.14369966103459975	0	0.08247896010974495	0.0906058537969806
k__Bacteria|p__Proteobacteria|c__Betaproteobacteria|o__Burkholderiales|f__Burkholderiales_unclassified|g__Thiomonas|s__Thiomonas_sp_X19	2|1224|28216|80840|40968858|32012|1050370	0.036836093473605794	0.0554111081263505	0.02036960561503841	0.10543087246972498	0.13686921633817314	0.07142864380379525	0.06599657776478801	0	0.06532183856573222	0	0
k__Bacteria|p__Proteobacteria|c__Betaproteobacteria|o__Burkholderiales|f__Burkholderiales_unclassified|g__Thiomonas|s__Thiomonas_sp_X19|t__SGB22416	2|1224|28216|80840|40968858|32012|1050370|SGB22416	0.036836093473605794	0.0554111081263505	0.02036960561503841	0.10543087246972498	0.13686921633817314	0.07142864380379525	0.06599657776478801	0	0.06532183856573222	0	0
k__Bacteria|p__Proteobacteria|c__Betaproteobacteria|o__Ferrovales	2|1224|28216|1442155	0.9404603649436314	1.263580075053018	0.8621610383528302	1.5619820709529433	1.5846583670775558	0.09278997650250786	0.09230888097291856	0	0.097771333972715	0	0
k__Bacteria|p__Proteobacteria|c__Betaproteobacteria|o__Ferrovales|f__Ferrovaceae	2|1224|28216|1442155|1442156	0.9404603649436314	1.263580075053018	0.8621610383528302	1.5619820709529433	1.5846583670775558	0.09278997650250786	0.09230888097291856	0	0.097771333972715	0	0
k__Bacteria|p__Proteobacteria|c__Betaproteobacteria|o__Ferrovales|f__Ferrovaceae|g__Ferrovum	2|1224|28216|1442155|1442156|416212	0.9404603649436314	1.263580075053018	0.8621610383528302	1.5619820709529433	1.5846583670775558	0.09278997650250786	0.09230888097291856	0	0.097771333972715	0	0
k__Bacteria|p__Proteobacteria|c__Betaproteobacteria|o__Ferrovales|f__Ferrovaceae|g__Ferrovum|s__Ferrovum_myxofaciens	2|1224|28216|1442155|1442156|416212|416213	0.6556123959229639	0.8912588971632265	0.6003733874659688	1.2011051771316854	1.4449928868782995	0.09278997650250786	0.09230888097291856	0	0.097771333972715	0	0
k__Bacteria|p__Proteobacteria|c__Betaproteobacteria|o__Ferrovales|f__Ferrovaceae|g__Ferrovum|s__Ferrovum_myxofaciens|t__SGB9504	2|1224|28216|1442155|1442156|416212|416213|SGB9504	0.6556123959229639	0.8912588971632265	0.6003733874659688	1.2011051771316854	1.4449928868782995	0.09278997650250786	0.09230888097291856	0	0.097771333972715	0	0
k__Bacteria|p__Proteobacteria|c__Betaproteobacteria|o__Ferrovales|f__Ferrovaceae|g__Ferrovum|s__Ferrovum_sp_JA12	2|1224|28216|1442155|1442156|416212|1356299	0.2848479690206675	0.3723211778897916	0.2617876508868613	0.36087689382125787	0.13966548019925612	0	0	0	0	0	0
k__Bacteria|p__Proteobacteria|c__Betaproteobacteria|o__Ferrovales|f__Ferrovaceae|g__Ferrovum|s__Ferrovum_sp_JA12|t__SGB9502	2|1224|28216|1442155|1442156|416212|1356299|SGB9502	0.2848479690206675	0.3723211778897916	0.2617876508868613	0.36087689382125787	0.13966548019925612	0	0	0	0	0	0
k__Bacteria|p__Proteobacteria|c__Betaproteobacteria|o__Nitrosomonadales	2|1224|28216|32003	0.019416766026517804	0.01918925262054236	0.016632687226930908	0.017369096565470213	0.041833849615986636	0.02247283279475188	0.03830408271777313	0.06085529920177937	0.03641624054844226	0.02190955025417076	0.059301122567550185
k__Bacteria|p__Proteobacteria|c__Betaproteobacteria|o__Nitrosomonadales|f__Gallionellaceae	2|1224|28216|32003|90627	0.0003106807172012185	0.0004881351213581048	0.0004104689789634541	0.0017850303921953265	0.0015964350855505436	0	0	0	0	0.0003601503821019513	0.0016236704997948006
k__Bacteria|p__Proteobacteria|c__Betaproteobacteria|o__Nitrosomonadales|f__Gallionellaceae|g__Sideroxydans	2|1224|28216|32003|90627|314343	0.0003106807172012185	0.0004881351213581048	0.0004104689789634541	0.0017850303921953265	0.0015964350855505436	0	0	0	0	0.0003601503821019513	0.0016236704997948006
k__Bacteria|p__Proteobacteria|c__Betaproteobacteria|o__Nitrosomonadales|f__Gallionellaceae|g__Sideroxydans|s__Sideroxydans_lithotrophicus	2|1224|28216|32003|90627|314343|63745	0.0003106807172012185	0.0004881351213581048	0.0004104689789634541	0.0017850303921953265	0.0015964350855505436	0	0	0	0	0.0003601503821019513	0.0016236704997948006
k__Bacteria|p__Proteobacteria|c__Betaproteobacteria|o__Nitrosomonadales|f__Gallionellaceae|g__Sideroxydans|s__Sideroxydans_lithotrophicus|t__SGB9404	2|1224|28216|32003|90627|314343|63745|SGB9404	0.0003106807172012185	0.0004881351213581048	0.0004104689789634541	0.0017850303921953265	0.0015964350855505436	0	0	0	0	0.0003601503821019513	0.0016236704997948006
k__Bacteria|p__Proteobacteria|c__Betaproteobacteria|o__Nitrosomonadales|f__Sulfuricellaceae	2|1224|28216|32003|2772226	0.019106085309316585	0.01870127450629952	0.016222108202664787	0.015584066173274888	0.0402374145304361	0.02247283279475188	0.03830408271777313	0.06085529920177937	0.03641624054844226	0.02154947524887544	0.057677352069572224
k__Bacteria|p__Proteobacteria|c__Betaproteobacteria|o__Nitrosomonadales|f__Sulfuricellaceae|g__Sulfuriferula	2|1224|28216|32003|2772226|1778653	0.019106085309316585	0.01870127450629952	0.016222108202664787	0.015584066173274888	0.0402374145304361	0.02247283279475188	0.03830408271777313	0.06085529920177937	0.03641624054844226	0.02154947524887544	0.057677352069572224
k__Bacteria|p__Proteobacteria|c__Betaproteobacteria|o__Nitrosomonadales|f__Sulfuricellaceae|g__Sulfuriferula|s__Sulfuriferula_multivorans	2|1224|28216|32003|2772226|1778653|1559896	0.01693072121309394	0.01637113190865538	0.015199677295546969	0.013692423461582882	0.03767435301535292	0.02247283279475188	0.03830408271777313	0.016351510053169004	0.03641624054844226	0.005778913634284282	0.01932064896627169
k__Bacteria|p__Proteobacteria|c__Betaproteobacteria|o__Nitrosomonadales|f__Sulfuricellaceae|g__Sulfuriferula|s__Sulfuriferula_multivorans|t__SGB32864	2|1224|28216|32003|2772226|1778653|1559896|SGB32864	0.01693072121309394	0.01637113190865538	0.015199677295546969	0.013692423461582882	0.03767435301535292	0.02247283279475188	0.03830408271777313	0.016351510053169004	0.03641624054844226	0.005778913634284282	0.01932064896627169
k__Bacteria|p__Proteobacteria|c__Betaproteobacteria|o__Nitrosomonadales|f__Sulfuricellaceae|g__Sulfuriferula|s__Sulfuriferula_plumbiphila	2|1224|28216|32003|2772226|1778653|171865	0.002175364096222647	0.00233014259764414	0.0010224309071178157	0.0018914352947280015	0.0025630615150831807	0	0	0.044503789148610376	0	0.015770486237784525	0.03835670310330054
k__Bacteria|p__Proteobacteria|c__Betaproteobacteria|o__Nitrosomonadales|f__Sulfuricellaceae|g__Sulfuriferula|s__Sulfuriferula_plumbiphila|t__SGB88228	2|1224|28216|32003|2772226|1778653|171865|SGB88228	0.002175364096222647	0.00233014259764414	0.0010224309071178157	0.0018914352947280015	0.0025630615150831807	0	0	0.044503789148610376	0	0.015770486237784525	0.03835670310330054
k__Bacteria|p__Proteobacteria|c__CFGB38666	2|1224|2979607	0.004789251688379139	0.004353493292060961	0.004279771866184368	0.00520222487411701	0.0024056093510787047	0.025284088194413062	0.029436302959662743	0.09232483151575782	0.029530576992013894	0.0590370747534916	0.04472788734629039
k__Bacteria|p__Proteobacteria|c__CFGB38666|o__OFGB38666	2|1224|2979607|42210647	0.004789251688379139	0.004353493292060961	0.004279771866184368	0.00520222487411701	0.0024056093510787047	0.025284088194413062	0.029436302959662743	0.09232483151575782	0.029530576992013894	0.0590370747534916	0.04472788734629039
k__Bacteria|p__Proteobacteria|c__CFGB38666|o__OFGB38666|f__FGB38666	2|1224|2979607|42210647|40862194	0.004789251688379139	0.004353493292060961	0.004279771866184368	0.00520222487411701	0.0024056093510787047	0.025284088194413062	0.029436302959662743	0.09232483151575782	0.029530576992013894	0.0590370747534916	0.04472788734629039
k__Bacteria|p__Proteobacteria|c__CFGB38666|o__OFGB38666|f__FGB38666|g__GGB44506	2|1224|2979607|42210647|40862194|74039992	0.004789251688379139	0.004353493292060961	0.004279771866184368	0.00520222487411701	0.0024056093510787047	0.025284088194413062	0.029436302959662743	0.09232483151575782	0.029530576992013894	0.0590370747534916	0.04472788734629039
k__Bacteria|p__Proteobacteria|c__CFGB38666|o__OFGB38666|f__FGB38666|g__GGB44506|s__GGB44506_SGB61938	2|1224|2979607|42210647|40862194|74039992|89538787	0.004789251688379139	0.004353493292060961	0.004279771866184368	0.00520222487411701	0.0024056093510787047	0.025284088194413062	0.029436302959662743	0.09232483151575782	0.029530576992013894	0.0590370747534916	0.04472788734629039
k__Bacteria|p__Proteobacteria|c__CFGB38666|o__OFGB38666|f__FGB38666|g__GGB44506|s__GGB44506_SGB61938|t__SGB61938	2|1224|2979607|42210647|40862194|74039992|89538787|SGB61938	0.004789251688379139	0.004353493292060961	0.004279771866184368	0.00520222487411701	0.0024056093510787047	0.025284088194413062	0.029436302959662743	0.09232483151575782	0.029530576992013894	0.0590370747534916	0.04472788734629039
k__Bacteria|p__Proteobacteria|c__CFGB8491	2|1224|46709189	0	0	0	0	0	0	0	0.011110946309556485	0	0.009762351734523255	0.00757176242988006
k__Bacteria|p__Proteobacteria|c__CFGB8491|o__OFGB8491	2|1224|46709189|25154984	0	0	0	0	0	0	0	0.011110946309556485	0	0.009762351734523255	0.00757176242988006
k__Bacteria|p__Proteobacteria|c__CFGB8491|o__OFGB8491|f__FGB8491	2|1224|46709189|25154984|13339093	0	0	0	0	0	0	0	0.011110946309556485	0	0.009762351734523255	0.00757176242988006
k__Bacteria|p__Proteobacteria|c__CFGB8491|o__OFGB8491|f__FGB8491|g__GGB25809	2|1224|46709189|25154984|13339093|92163421	0	0	0	0	0	0	0	0.011110946309556485	0	0.009762351734523255	0.00757176242988006
k__Bacteria|p__Proteobacteria|c__CFGB8491|o__OFGB8491|f__FGB8491|g__GGB25809|s__GGB25809_SGB37794	2|1224|46709189|25154984|13339093|92163421|25319383	0	0	0	0	0	0	0	0.011110946309556485	0	0.009762351734523255	0.00757176242988006
k__Bacteria|p__Proteobacteria|c__CFGB8491|o__OFGB8491|f__FGB8491|g__GGB25809|s__GGB25809_SGB37794|t__SGB37794	2|1224|46709189|25154984|13339093|92163421|25319383|SGB37794	0	0	0	0	0	0	0	0.011110946309556485	0	0.009762351734523255	0.00757176242988006
k__Bacteria|p__Proteobacteria|c__CFGB8619	2|1224|45716107	0	0.00011163205895323654	0	0.0004314272851227375	0.0002104772914011732	0	0	0	0	0	0
k__Bacteria|p__Proteobacteria|c__CFGB8619|o__OFGB8619	2|1224|45716107|87993514	0	0.00011163205895323654	0	0.0004314272851227375	0.0002104772914011732	0	0	0	0	0	0
k__Bacteria|p__Proteobacteria|c__CFGB8619|o__OFGB8619|f__FGB8619	2|1224|45716107|87993514|45285099	0	0.00011163205895323654	0	0.0004314272851227375	0.0002104772914011732	0	0	0	0	0	0
k__Bacteria|p__Proteobacteria|c__CFGB8619|o__OFGB8619|f__FGB8619|g__GGB26010	2|1224|45716107|87993514|45285099|64149131	0	0.00011163205895323654	0	0.0004314272851227375	0.0002104772914011732	0	0	0	0	0	0
k__Bacteria|p__Proteobacteria|c__CFGB8619|o__OFGB8619|f__FGB8619|g__GGB26010|s__GGB26010_SGB38011	2|1224|45716107|87993514|45285099|64149131|63629641	0	0.00011163205895323654	0	0.0004314272851227375	0.0002104772914011732	0	0	0	0	0	0
k__Bacteria|p__Proteobacteria|c__CFGB8619|o__OFGB8619|f__FGB8619|g__GGB26010|s__GGB26010_SGB38011|t__SGB38011	2|1224|45716107|87993514|45285099|64149131|63629641|SGB38011	0	0.00011163205895323654	0	0.0004314272851227375	0.0002104772914011732	0	0	0	0	0	0
k__Bacteria|p__Proteobacteria|c__Gammaproteobacteria	2|1224|1236	0.08280246179984732	0.08536837973309512	0.08614533370113517	0.10227149727405696	0.09655118197118497	0.060087596672970964	0.0598657477806592	0	0.04121317207613779	0.005354240705702785	0
k__Bacteria|p__Proteobacteria|c__Gammaproteobacteria|o__Acidiferrobacterales	2|1224|1236|1692040	0.001106013768023312	0.0018710537926100144	0	0.003598269491494832	0.0011035178298526805	0	0	0	0	0	0
k__Bacteria|p__Proteobacteria|c__Gammaproteobacteria|o__Acidiferrobacterales|f__Acidiferrobacteraceae	2|1224|1236|1692040|1692041	0.001106013768023312	0.0018710537926100144	0	0.003598269491494832	0.0011035178298526805	0	0	0	0	0	0
k__Bacteria|p__Proteobacteria|c__Gammaproteobacteria|o__Acidiferrobacterales|f__Acidiferrobacteraceae|g__Acidiferrobacter	2|1224|1236|1692040|1692041|986106	0.001106013768023312	0.0018710537926100144	0	0.003598269491494832	0.0011035178298526805	0	0	0	0	0	0
k__Bacteria|p__Proteobacteria|c__Gammaproteobacteria|o__Acidiferrobacterales|f__Acidiferrobacteraceae|g__Acidiferrobacter|s__Acidiferrobacter_thiooxydans	2|1224|1236|1692040|1692041|986106|163359	0.001106013768023312	0.0018710537926100144	0	0.003598269491494832	0.0011035178298526805	0	0	0	0	0	0
k__Bacteria|p__Proteobacteria|c__Gammaproteobacteria|o__Acidiferrobacterales|f__Acidiferrobacteraceae|g__Acidiferrobacter|s__Acidiferrobacter_thiooxydans|t__SGB10490	2|1224|1236|1692040|1692041|986106|163359|SGB10490	0.001106013768023312	0.0018710537926100144	0	0.003598269491494832	0.0011035178298526805	0	0	0	0	0	0
k__Bacteria|p__Proteobacteria|c__Gammaproteobacteria|o__Chromatiales	2|1224|1236|135613	0.01401142477090046	0.009501599594476818	0.010856299244418671	0.007437972329087195	0.00395172467287524	0	0	0	0	0	0
k__Bacteria|p__Proteobacteria|c__Gammaproteobacteria|o__Chromatiales|f__Halothiobacillaceae	2|1224|1236|135613|255526	0.01401142477090046	0.009501599594476818	0.010856299244418671	0.007437972329087195	0.00395172467287524	0	0	0	0	0	0
k__Bacteria|p__Proteobacteria|c__Gammaproteobacteria|o__Chromatiales|f__Halothiobacillaceae|g__GGB6639	2|1224|1236|135613|255526|23499169	0.01401142477090046	0.009501599594476818	0.010856299244418671	0.007437972329087195	0.00395172467287524	0	0	0	0	0	0
k__Bacteria|p__Proteobacteria|c__Gammaproteobacteria|o__Chromatiales|f__Halothiobacillaceae|g__GGB6639|s__GGB6639_SGB9375	2|1224|1236|135613|255526|23499169|75664123	0.01401142477090046	0.009501599594476818	0.010856299244418671	0.007437972329087195	0.00395172467287524	0	0	0	0	0	0
k__Bacteria|p__Proteobacteria|c__Gammaproteobacteria|o__Chromatiales|f__Halothiobacillaceae|g__GGB6639|s__GGB6639_SGB9375|t__SGB9375	2|1224|1236|135613|255526|23499169|75664123|SGB9375	0.01401142477090046	0.009501599594476818	0.010856299244418671	0.007437972329087195	0.00395172467287524	0	0	0	0	0	0
k__Bacteria|p__Proteobacteria|c__Gammaproteobacteria|o__Enterobacterales	2|1224|1236|91347	0.045814682330107034	0.031340033270881286	0.059602956923362975	0.01901660951053267	0.009243686494338413	0	0	0	0	0	0
k__Bacteria|p__Proteobacteria|c__Gammaproteobacteria|o__Enterobacterales|f__Erwiniaceae	2|1224|1236|91347|1903409	5.8110353969375625e-05	0	0	0	0	0	0	0	0	0	0
k__Bacteria|p__Proteobacteria|c__Gammaproteobacteria|o__Enterobacterales|f__Erwiniaceae|g__Erwinia	2|1224|1236|91347|1903409|551	5.8110353969375625e-05	0	0	0	0	0	0	0	0	0	0
k__Bacteria|p__Proteobacteria|c__Gammaproteobacteria|o__Enterobacterales|f__Erwiniaceae|g__Erwinia|s__Erwinia_sp_ErVv1	2|1224|1236|91347|1903409|551|1603299	5.8110353969375625e-05	0	0	0	0	0	0	0	0	0	0
k__Bacteria|p__Proteobacteria|c__Gammaproteobacteria|o__Enterobacterales|f__Erwiniaceae|g__Erwinia|s__Erwinia_sp_ErVv1|t__SGB31232	2|1224|1236|91347|1903409|551|1603299|SGB31232	5.8110353969375625e-05	0	0	0	0	0	0	0	0	0	0
k__Bacteria|p__Proteobacteria|c__Gammaproteobacteria|o__Enterobacterales|f__Yersiniaceae	2|1224|1236|91347|1903411	0.04575657197613765	0.031340033270881286	0.059602956923362975	0.01901660951053267	0.009243686494338413	0	0	0	0	0	0
k__Bacteria|p__Proteobacteria|c__Gammaproteobacteria|o__Enterobacterales|f__Yersiniaceae|g__Serratia	2|1224|1236|91347|1903411|613	0.04575657197613765	0.031340033270881286	0.059602956923362975	0.01901660951053267	0.009243686494338413	0	0	0	0	0	0
k__Bacteria|p__Proteobacteria|c__Gammaproteobacteria|o__Enterobacterales|f__Yersiniaceae|g__Serratia|s__Serratia_fonticola	2|1224|1236|91347|1903411|613|47917	0.04575657197613765	0.031340033270881286	0.059602956923362975	0.01901660951053267	0.009243686494338413	0	0	0	0	0	0
k__Bacteria|p__Proteobacteria|c__Gammaproteobacteria|o__Enterobacterales|f__Yersiniaceae|g__Serratia|s__Serratia_fonticola|t__SGB10260	2|1224|1236|91347|1903411|613|47917|SGB10260	0.04575657197613765	0.031340033270881286	0.059602956923362975	0.01901660951053267	0.009243686494338413	0	0	0	0	0	0
k__Bacteria|p__Proteobacteria|c__Gammaproteobacteria|o__Xanthomonadales	2|1224|1236|135614	0.021870340930816516	0.042655693075127024	0.01568607753335353	0.07221885335990624	0.08225252351048289	0.060087596672970964	0.0598657477806592	0	0.04121317207613779	0.005354240705702785	0
k__Bacteria|p__Proteobacteria|c__Gammaproteobacteria|o__Xanthomonadales|f__Rhodanobacteraceae	2|1224|1236|135614|1775411	0.021870340930816516	0.042655693075127024	0.01568607753335353	0.07221885335990624	0.08225252351048289	0.060087596672970964	0.0598657477806592	0	0.04121317207613779	0.005354240705702785	0
k__Bacteria|p__Proteobacteria|c__Gammaproteobacteria|o__Xanthomonadales|f__Rhodanobacteraceae|g__Dyella	2|1224|1236|135614|1775411|231454	0	0	0	0	0	0	0.0058701928986742615	0	0.0031593097330769077	0	0
k__Bacteria|p__Proteobacteria|c__Gammaproteobacteria|o__Xanthomonadales|f__Rhodanobacteraceae|g__Dyella|s__Dyella_sp_S184	2|1224|1236|135614|1775411|231454|1641862	0	0	0	0	0	0	0.0058701928986742615	0	0.0031593097330769077	0	0
k__Bacteria|p__Proteobacteria|c__Gammaproteobacteria|o__Xanthomonadales|f__Rhodanobacteraceae|g__Dyella|s__Dyella_sp_S184|t__SGB88819	2|1224|1236|135614|1775411|231454|1641862|SGB88819	0	0	0	0	0	0	0.0058701928986742615	0	0.0031593097330769077	0	0
k__Bacteria|p__Proteobacteria|c__Gammaproteobacteria|o__Xanthomonadales|f__Rhodanobacteraceae|g__Metallibacterium	2|1224|1236|135614|1775411|1218803	0.021870340930816516	0.042655693075127024	0.01568607753335353	0.07221885335990624	0.08225252351048289	0.060087596672970964	0.05399555488198494	0	0.038053862343060886	0.005354240705702785	0
k__Bacteria|p__Proteobacteria|c__Gammaproteobacteria|o__Xanthomonadales|f__Rhodanobacteraceae|g__Metallibacterium|s__Metallibacterium_scheffleri	2|1224|1236|135614|1775411|1218803|993689	0.021870340930816516	0.042655693075127024	0.01568607753335353	0.07221885335990624	0.08225252351048289	0.060087596672970964	0.05399555488198494	0	0.038053862343060886	0.005354240705702785	0
k__Bacteria|p__Proteobacteria|c__Gammaproteobacteria|o__Xanthomonadales|f__Rhodanobacteraceae|g__Metallibacterium|s__Metallibacterium_scheffleri|t__SGB33022	2|1224|1236|135614|1775411|1218803|993689|SGB33022	0.021870340930816516	0.042655693075127024	0.01568607753335353	0.07221885335990624	0.08225252351048289	0.060087596672970964	0.05399555488198494	0	0.038053862343060886	0.005354240705702785	0
